Date,Loreal_Stock,Close_currency
11/11/2019,240.7103119,1.102244258
11/12/2019,241.446991,1.103545666
11/13/2019,241.446991,1.101236701
11/14/2019,240.8023834,1.101321578
11/18/2019,240.1577759,1.105509877
11/19/2019,238.1319275,1.107235789
11/20/2019,235.2772827,1.108000159
11/21/2019,235.1852112,1.107885957
11/25/2019,236.9348297,1.102256298
11/26/2019,237.4873199,1.101442933
11/27/2019,236.6585541,1.102256298
11/28/2019,238.2240448,1.100485325
12/2/2019,231.1334534,1.101904154
12/3/2019,233.0672455,1.107910514
12/4/2019,231.3176422,1.108524561
12/5/2019,236.3823242,1.108303428
12/9/2019,235.2772827,1.105888844
12/10/2019,234.2643585,1.106499434
12/11/2019,236.0139618,1.109274626
12/12/2019,236.0139618,1.113585711
12/16/2019,235.7377319,1.11244607
12/17/2019,235.6456451,1.11369741
12/18/2019,238.4081879,1.115138054
12/19/2019,243.749176,1.11159277
12/23/2019,243.5649414,1.107984066
12/24/2019,243.5649414,1.109385371
12/26/2019,245.0383453,1.109545469
12/30/2019,243.104538,1.118230462
1/1/2020,243.2887268,1.122082591
1/2/2020,243.0124512,1.122082591
1/6/2020,239.0528107,1.116196036
1/7/2020,240.5261688,1.119799495
1/8/2020,241.9995117,1.115473866
1/9/2020,243.0124512,1.111321092
1/13/2020,242.9203491,1.111666918
1/14/2020,248.0771027,1.113573313
1/15/2020,248.4454651,1.113089919
1/16/2020,253.5101471,1.115400434
1/20/2020,249.2742462,1.109459281
1/21/2020,247.7087555,1.10969317
1/22/2020,245.8670807,1.108561397
1/23/2020,249.0900574,1.109643936
1/27/2020,240.8944855,1.102535844
1/28/2020,241.5390778,1.101976991
1/29/2020,239.0528107,1.102256298
1/30/2020,231.9622192,1.101685524
2/3/2020,240.8023834,1.108979464
2/4/2020,242.2757721,1.106292605
2/5/2020,246.6037292,1.104728222
2/6/2020,249.2742462,1.100231051
2/10/2020,251.3921661,1.09493053
2/11/2020,249.6425934,1.091345668
2/12/2020,250.0109406,1.091941476
2/13/2020,246.9720612,1.087594867
2/17/2020,247.0641937,1.084175348
2/18/2020,250.7475891,1.084010839
2/19/2020,244.6699829,1.079540491
2/20/2020,244.9462128,1.081009865
2/24/2020,232.6989288,1.083905101
2/25/2020,233.8960114,1.08491993
2/26/2020,227.0817261,1.088199615
2/27/2020,221.9249725,1.08858943
3/2/2020,231.5018005,1.105131149
3/3/2020,238.9607086,1.114404798
3/4/2020,237.1190033,1.11806798
3/5/2020,233.6197662,1.113908291
3/9/2020,215.8473511,1.138602018
3/10/2020,211.5193481,1.139796019
3/11/2020,196.1411591,1.131650567
3/12/2020,198.9036865,1.126151562
3/16/2020,204.9813232,1.115536094
3/17/2020,206.6388245,1.11632061
3/18/2020,209.5855713,1.101552129
3/19/2020,209.0330505,1.09615469
3/23/2020,219.4386749,1.069438696
3/24/2020,233.711853,1.076461077
3/25/2020,234.4485321,1.080263615
3/26/2020,221.0041046,1.088956952
3/29/2020,226.8054657,1.113908291
3/30/2020,219.9911804,1.103046656
3/31/2020,214.8344116,1.102657437
4/1/2020,219.1624146,1.095362186
4/2/2020,217.5969543,1.084739923
4/5/2020,216.7681885,1.08069551
4/6/2020,221.0041046,1.080380321
4/7/2020,223.2141571,1.089514494
4/8/2020,225.4241943,1.086366177
4/13/2020,230.6730499,1.092299342
4/14/2020,226.4371185,1.098538876
4/15/2020,225.147934,1.09051013
4/16/2020,228.002594,1.085847139
4/19/2020,235.4614716,1.086696625
4/20/2020,226.345047,1.086484075
4/21/2020,228.4629974,1.085646749
4/22/2020,226.345047,1.080964208
4/23/2020,224.0429077,1.077702284
4/26/2020,226.7133789,1.082368255
4/27/2020,234.2643585,1.082485437
4/28/2020,235.9218903,1.083658457
4/29/2020,244.3016205,1.087725043
5/3/2020,230.3967743,1.095962524
5/4/2020,228.5550995,1.090429306
5/5/2020,223.7666626,1.083858132
5/6/2020,229.2917633,1.079855323
5/7/2020,233.4356079,1.083717108
5/10/2020,235.6456451,1.083952069
5/11/2020,233.2514343,1.080940843
5/12/2020,225.9766998,1.084681034
5/13/2020,222.2932892,1.082368255
5/14/2020,223.4904175,1.08069551
5/17/2020,230.4888763,1.082134008
5/18/2020,228.647171,1.091512442
5/19/2020,233.2514343,1.092776775
5/20/2020,228.647171,1.098297596
5/21/2020,228.4629974,1.095290303
5/24/2020,231.2255707,1.090780139
5/25/2020,228.8313599,1.090299726
5/26/2020,231.5018005,1.098177075
5/27/2020,239.6053314,1.101685524
5/28/2020,241.1707306,1.107910514
5/31/2020,238.3161011,1.111852407
6/1/2020,240.5261688,1.112594604
6/2/2020,248.9979706,1.118943691
6/3/2020,245.406662,1.123595476
6/4/2020,248.3533936,1.133786798
6/7/2020,243.749176,1.131951571
6/8/2020,244.9462128,1.130556703
6/9/2020,245.4987488,1.133221507
6/10/2020,243.749176,1.136544466
6/11/2020,242.5520172,1.12880826
6/14/2020,240.2499084,1.125201106
6/15/2020,250.563446,1.133774042
6/16/2020,254.3388977,1.126570106
6/17/2020,254.7072296,1.124290228
6/18/2020,257.1014709,1.121100068
6/21/2020,254.7993317,1.117755532
6/22/2020,258.3906555,1.127967954
6/23/2020,256.9172668,1.131234527
6/24/2020,258.7589417,1.125087261
6/25/2020,262.5344543,1.122208476
6/28/2020,262.7186279,1.122586489
6/29/2020,263.0869751,1.124720216
6/30/2020,264.0078735,1.123595476
7/1/2020,273.2163391,1.125137806
7/2/2020,270.1842346,1.1237849
7/5/2020,270.8373108,1.124720216
7/6/2020,268.971405,1.131285667
7/7/2020,266.2658081,1.127522826
7/8/2020,267.4786987,1.133915424
7/9/2020,269.2512817,1.128795505
7/12/2020,268.5048828,1.131004214
7/13/2020,266.6389465,1.134549618
7/14/2020,271.5836792,1.141070485
7/15/2020,267.8518372,1.141719341
7/16/2020,270.8373108,1.139211655
7/19/2020,270.5574036,1.144295692
7/20/2020,270.1842346,1.145869136
7/21/2020,267.8518372,1.153402567
7/22/2020,271.7702332,1.156871796
7/23/2020,265.7993469,1.159608483
7/26/2020,266.4523926,1.165256739
7/27/2020,267.4786987,1.176927567
7/28/2020,269.8110352,1.17187953
7/29/2020,265.4261475,1.178286552
7/30/2020,264.0267029,1.187225461
8/2/2020,259.4552307,1.178231001
8/3/2020,262.7205811,1.176332235
8/4/2020,263.5602417,1.181544304
8/5/2020,260.2948608,1.187281847
8/6/2020,258.988739,1.187648416
8/9/2020,257.4959717,1.178272724
8/10/2020,258.6155701,1.173777819
8/11/2020,263.2803345,1.173653841
8/12/2020,263.5602417,1.179380178
8/13/2020,259.8283997,1.181655884
8/16/2020,260.2015991,1.185255408
8/17/2020,260.4814758,1.187648416
8/18/2020,264.0267029,1.194785953
8/19/2020,260.2948608,1.184350014
8/20/2020,255.5367889,1.187366486
8/23/2020,259.9216919,1.179801822
8/24/2020,260.1083069,1.17945385
8/25/2020,262.5339355,1.183501959
8/26/2020,261.7876282,1.184272885
8/27/2020,258.6155701,1.181963205
8/30/2020,258.3356934,1.191824079
8/31/2020,258.8954773,1.193901539
9/1/2020,262.3473816,1.19232142
9/2/2020,259.9216919,1.184735894
9/3/2020,255.5367889,1.183978438
9/6/2020,259.9216919,1.18344593
9/7/2020,257.4027405,1.182172775
9/8/2020,263.6535339,1.177024484
9/9/2020,262.6272583,1.180637598
9/10/2020,263.2803345,1.182438493
9/13/2020,262.5339355,1.184272885
9/14/2020,264.3998718,1.187000036
9/15/2020,262.1607666,1.184441209
9/16/2020,261.2278442,1.180344939
9/17/2020,258.0557556,1.184820056
9/20/2020,252.9245453,1.184553385
9/21/2020,255.5367889,1.176800013
9/22/2020,258.8954773,1.170836806
9/23/2020,255.7234039,1.165854454
9/24/2020,252.5513763,1.167324305
9/27/2020,259.9216919,1.16353488
9/28/2020,262.6272583,1.167883277
9/29/2020,258.988739,1.174205065
9/30/2020,263.7468262,1.172607899
10/1/2020,262.3473816,1.174494624
10/4/2020,261.2278442,1.172044396
10/5/2020,260.4814758,1.179245353
10/6/2020,259.4552307,1.17376399
10/7/2020,259.8283997,1.176747441
10/8/2020,263.4669495,1.176700354
10/11/2020,268.1316833,1.181683898
10/12/2020,267.8518372,1.181614041
10/13/2020,270.8373108,1.174218893
10/14/2020,265.6127625,1.174398184
10/15/2020,271.8635559,1.170713425
10/18/2020,269.1579895,1.171550155
10/19/2020,271.117218,1.176885962
10/20/2020,267.5718994,1.182983994
10/21/2020,266.1724854,1.185395956
10/22/2020,269.2512817,1.181502461
10/26/2020,267.8518372,1.18484807
10/27/2020,260.1083069,1.180944324
10/28/2020,260.3881836,1.178411484
10/29/2020,259.0820618,1.174867272
11/2/2020,270.7440491,1.164212108
11/3/2020,279.7936707,1.164279938
11/4/2020,278.767395,1.17622149
11/5/2020,277.0881042,1.173268199
11/9/2020,294.2544861,1.189301014
11/10/2020,297.6131592,1.182732105
11/11/2020,296.0270996,1.181879401
11/12/2020,293.1349487,1.178029776
11/16/2020,295.374054,1.184525371
11/17/2020,293.5081177,1.1859442
11/18/2020,289.9628601,1.18636632
11/19/2020,291.1757507,1.184763908
11/23/2020,276.0618286,1.186647773
11/24/2020,283.9919739,1.184272885
11/25/2020,285.2981262,1.190051198
11/26/2020,288.5634766,1.19200027
11/30/2020,285.7646179,1.197146058
12/1/2020,285.8578796,1.193816066
12/2/2020,284.5517578,1.207437873
12/3/2020,285.7646179,1.211460352
12/7/2020,284.3651428,1.212135911
12/8/2020,281.7528992,1.211313605
12/9/2020,281.4730225,1.211093664
12/10/2020,282.2193604,1.207875371
12/14/2020,282.2193604,1.213340402
12/15/2020,288.6567688,1.214889646
12/16/2020,284.2718811,1.21543014
12/17/2020,284.9249268,1.219958544
12/21/2020,281.5662537,1.221612811
12/22/2020,283.3388672,1.223690629
12/23/2020,282.0327454,1.218665123
12/28/2020,291.269043,1.220509529
12/29/2020,292.2019653,1.222344518
12/30/2020,289.9628601,1.225295067
1/4/2021,287.8171082,1.225069761
1/5/2021,288.0969849,1.225159883
1/6/2021,286.977478,1.230027437
1/7/2021,285.7646179,1.234110832
1/11/2021,280.3534546,1.218620539
1/12/2021,281.2864075,1.216070175
1/13/2021,278.0210571,1.220889449
1/14/2021,278.3942566,1.216249108
1/18/2021,277.1813965,1.206811309
1/19/2021,273.9160461,1.207729459
1/20/2021,274.848999,1.213886857
1/21/2021,276.4350281,1.21156311
1/25/2021,281.5662537,1.216944695
1/26/2021,277.6478882,1.214624047
1/27/2021,277.4613037,1.216299295
1/28/2021,270.6506958,1.210507274
2/1/2021,278.3942566,1.212385774
2/2/2021,276.0618286,1.206869483
2/3/2021,278.1143799,1.203905463
2/4/2021,285.1115417,1.204238892
2/8/2021,291.8287964,1.204877377
2/9/2021,290.4293823,1.205359578
2/10/2021,288.2835693,1.211999297
2/11/2021,296.9600525,1.212121248
2/15/2021,292.5751953,1.212209344
2/16/2021,295.7472229,1.213219643
2/17/2021,295.5606079,1.209248304
2/18/2021,294.9076233,1.204800487
2/22/2021,290.8025818,1.212635636
2/23/2021,286.604248,1.216679692
2/24/2021,286.3243713,1.215214491
2/25/2021,282.4992371,1.217137218
3/1/2021,288.1903076,1.208956003
3/2/2021,286.977478,1.205109596
3/3/2021,289.9628601,1.208546758
3/4/2021,288.0969849,1.205066085
3/8/2021,290.2428284,1.192563176
3/9/2021,297.146698,1.185171127
3/10/2021,299.5723572,1.189790606
3/11/2021,300.9718323,1.192605853
3/15/2021,301.7181702,1.195000052
3/16/2021,304.1438293,1.192577362
3/17/2021,300.4120178,1.190164566
3/18/2021,298.9192505,1.198279262
3/22/2021,300.1321411,1.188311696
3/23/2021,296.8667908,1.193303108
3/24/2021,301.065094,1.184020519
3/25/2021,301.9047852,1.181306958
3/28/2021,304.7036438,1.178800464
3/29/2021,305.8231506,1.177100658
3/30/2021,304.8901978,1.17236042
3/31/2021,302.1380005,1.172883034
4/5/2021,308.9485474,1.181893468
4/6/2021,308.5287476,1.187422872
4/7/2021,316.8320618,1.187366486
4/8/2021,315.7591553,1.191568494
4/11/2021,314.4996338,1.190051198
4/12/2021,317.2518616,1.191469073
4/13/2021,316.4122314,1.195414305
4/14/2021,319.8174744,1.198609591
4/15/2021,313.9865112,1.197174668
4/18/2021,316.1323242,1.196945429
4/19/2021,314.966156,1.204529047
4/20/2021,319.6309204,1.203239202
4/21/2021,324.3890076,1.203775048
4/22/2021,322.289856,1.201475382
4/25/2021,319.770874,1.208985209
4/26/2021,317.363739,1.208167195
4/27/2021,320.0068359,1.209030509
4/28/2021,323.8771362,1.213592291
4/29/2021,322.5083618,1.212709188
5/2/2021,326.2370605,1.202776074
5/3/2021,322.2252197,1.206127167
5/4/2021,326.6146545,1.20150435
5/5/2021,328.1721802,1.200797319
5/6/2021,330.2961731,1.206854939
5/9/2021,332.6560669,1.217107654
5/10/2021,326.9922485,1.214093208
5/11/2021,326.8978271,1.214450002
5/12/2021,330.532135,1.207850575
5/13/2021,332.6089172,1.207729459
5/16/2021,335.5352173,1.215037346
5/17/2021,332.2312927,1.215687275
5/18/2021,330.532135,1.222399712
5/19/2021,338.744751,1.217285395
5/20/2021,341.0574341,1.22253871
5/23/2021,344.2669373,1.218323588
5/24/2021,346.6268921,1.221463561
5/25/2021,345.9189453,1.224909306
5/26/2021,345.3997192,1.219259501
5/27/2021,350.7331238,1.219318867
5/30/2021,347.6652222,1.219006777
5/31/2021,349.27005,1.22328651
6/1/2021,350.7803955,1.221776962
6/2/2021,351.9603271,1.220986247
6/3/2021,355.3114319,1.213300705
6/6/2021,357.5297852,1.216841102
6/7/2021,359.4649048,1.219363451
6/8/2021,360.5976868,1.217285395
6/9/2021,360.5976868,1.218200445
6/10/2021,362.5328064,1.217255831
6/13/2021,363.0048218,1.21102035
6/14/2021,365.7423706,1.212224007
6/15/2021,367.3942871,1.212709188
6/16/2021,369.4710388,1.199558616
6/17/2021,368.4326477,1.1913414
6/20/2021,367.4414978,1.187366486
6/21/2021,365.7895508,1.191256166
6/22/2021,360.0785217,1.193673491
6/23/2021,368.2910461,1.193317413
6/24/2021,363.8071899,1.193032742
6/27/2021,364.0431824,1.194215298
6/28/2021,361.7776489,1.192890406
6/29/2021,354.7450562,1.190192819
6/30/2021,354.3202515,1.185677052
7/1/2021,351.7715149,1.184623599
7/4/2021,351.8187561,1.185620785
7/5/2021,349.7419739,1.186380386
7/6/2021,355.4058533,1.182452321
7/7/2021,344.5501404,1.179339886
7/8/2021,350.9691467,1.184800386
7/11/2021,354.3202515,1.187295914
7/12/2021,354.461853,1.186521053
7/13/2021,355.4058533,1.177537322
7/14/2021,352.668335,1.183333874
7/15/2021,353.6123047,1.181181431
7/18/2021,352.2434998,1.181400537
7/19/2021,355.594635,1.179384351
7/20/2021,357.9073792,1.178411484
7/21/2021,357.9545898,1.179273009
7/22/2021,365.3647461,1.17727387
7/25/2021,362.0136414,1.177343249
7/26/2021,362.0608215,1.180776954
7/27/2021,364.2319946,1.182312608
7/28/2021,363.3352356,1.184595585
7/29/2021,364.2791748,1.189299703
8/1/2021,370.6982117,1.186704159
8/2/2021,371.783783,1.187465072
8/3/2021,373.2469177,1.18694365
8/4/2021,375.9372864,1.183740139
8/5/2021,376.6924133,1.183572054
8/8/2021,376.739624,1.174950004
8/9/2021,375.8428345,1.173846722
8/10/2021,377.8723755,1.172333002
8/11/2021,381.2235107,1.174189925
8/12/2021,380.5155334,1.173626184
8/15/2021,376.2676392,1.179467797
8/16/2021,377.6835938,1.177994967
8/17/2021,371.1701965,1.170973897
8/18/2021,367.0166931,1.170329809
8/19/2021,370.5093994,1.167659521
8/22/2021,372.9637451,1.169754863
8/23/2021,371.1701965,1.174453378
8/24/2021,371.028595,1.175309181
8/25/2021,372.0197449,1.177440166
8/26/2021,371.5477905,1.175640702
8/29/2021,374.946106,1.179900646
8/30/2021,374.0965271,1.17969048
8/31/2021,377.1171875,1.181028008
9/1/2021,377.7308044,1.184090614
9/2/2021,372.7277527,1.187648416
9/5/2021,374.1437073,1.188594222
9/6/2021,371.028595,1.187507391
9/7/2021,371.9725342,1.184356928
9/8/2021,375.4180908,1.181910157
9/9/2021,376.0316772,1.182592273
9/12/2021,375.2292786,1.181195378
9/13/2021,376.2676392,1.181195378
9/14/2021,370.9813843,1.180498123
9/15/2021,361.8248291,1.181999564
9/16/2021,361.164093,1.176747441
9/19/2021,351.3939209,1.172993064
9/20/2021,361.9664612,1.173020482
9/21/2021,362.9104309,1.172291636
9/22/2021,365.5535278,1.168770432
9/23/2021,357.1521912,1.174025893
9/26/2021,351.1579285,1.172305465
9/27/2021,342.3790283,1.169679523
9/28/2021,342.9453735,1.168633819
9/29/2021,336.856781,1.160160184
9/30/2021,341.2934265,1.157447577
10/3/2021,341.2462158,1.160725713
10/4/2021,343.4173584,1.161844969
10/5/2021,338.0839539,1.159608483
10/6/2021,341.6238098,1.155534983
10/7/2021,337.5647583,1.155975819
10/10/2021,335.8183899,1.156604171
10/11/2021,335.4880066,1.155374765
10/12/2021,342.0957947,1.153402567
10/13/2021,349.2228088,1.159958243
10/14/2021,348.8452454,1.159151554
10/17/2021,345.3997192,1.159702659
10/18/2021,342.2373962,1.161386251
10/19/2021,343.8893738,1.163196445
10/20/2021,348.6092529,1.165501237
10/21/2021,366.3087158,1.162533879
10/24/2021,362.3440552,1.164008856
10/25/2021,368.5742493,1.161170483
10/26/2021,366.5919189,1.159823656
10/27/2021,371.406189,1.160012007
10/28/2021,372.8221436,1.168360829
11/1/2021,377.5892029,1.155668497
11/2/2021,382.8282776,1.159958243
11/3/2021,385.8961487,1.157943487
11/4/2021,389.6720276,1.161575079
11/8/2021,391.3240051,1.156885147
11/9/2021,391.1352234,1.159151554
11/10/2021,391.2296143,1.15955472
11/11/2021,397.365448,1.148593545
11/15/2021,403.2652588,1.144164801
11/16/2021,405.719574,1.13664782
11/17/2021,399.2061768,1.132118225
11/18/2021,401.6605225,1.132118225
11/22/2021,388.6336975,1.127573729
11/23/2021,389.4360352,1.12421453
11/24/2021,392.2207947,1.124492645
11/25/2021,379.7603455,1.120297551
11/29/2021,375.2292786,1.129318237
11/30/2021,383.3946533,1.129343748
12/1/2021,375.8428345,1.133028984
12/2/2021,378.4387817,1.131951571
12/6/2021,400.9997253,1.130479932
12/7/2021,394.8167114,1.128668189
12/8/2021,395.6191101,1.127650023
12/9/2021,397.4598389,1.134558678
12/13/2021,391.9375916,1.131183386
12/14/2021,393.9199219,1.128540754
12/15/2021,395.0054932,1.12612617
12/16/2021,389.90802,1.129075885
12/20/2021,391.6544189,1.124353528
12/21/2021,395.5246887,1.127751708
12/22/2021,398.9701843,1.128757358
12/23/2021,398.6870422,1.132887721
12/27/2021,397.507019,1.132425904
12/28/2021,395.3831177,1.133003235
12/29/2021,396.2798157,1.131477714
12/30/2021,393.5895996,1.136015058
1/3/2022,407.22995,1.13734591
1/4/2022,404.2092285,1.130224466
1/5/2022,389.8608704,1.128362536
1/6/2022,386.6040955,1.131349683
1/10/2022,374.1437073,1.135396004
1/11/2022,377.6363831,1.133041739
1/12/2022,367.0166931,1.13664782
1/13/2022,358.1433716,1.144164801
1/17/2022,354.9338684,1.141070485
1/18/2022,356.1138,1.141057491
1/19/2022,359.4649048,1.13296473
1/20/2022,354.461853,1.134339929
1/24/2022,349.128418,1.134146929
1/25/2022,351.2523499,1.13241303
1/26/2022,352.1491089,1.130454421
1/27/2022,347.4765015,1.124353528
1/31/2022,356.6329956,1.115237474
2/1/2022,358.3321838,1.122964621
2/2/2022,351.6299438,1.12739563
2/3/2022,347.1460876,1.129994631
2/7/2022,348.2316589,1.145514727
2/8/2022,350.5915527,1.144295692
2/9/2022,343.6062012,1.142126203
2/10/2022,343.55896,1.14215219
2/14/2022,339.2167053,1.136505723
2/15/2022,335.2520142,1.130633473
2/16/2022,336.6207886,1.135679603
2/17/2022,340.5382996,1.137526989
2/21/2022,329.2106018,1.13172102
2/22/2022,324.2547302,1.130965829
2/23/2022,321.5643921,1.132913351
2/24/2022,334.1192322,1.130569458
2/28/2022,325.4346924,1.118105412
3/1/2022,328.9745789,1.121591806
3/2/2022,326.8978271,1.113275886
3/3/2022,317.5525208,1.111234546
3/7/2022,309.906311,1.087453008
3/8/2022,336.0543823,1.086531281
3/9/2022,319.8180542,1.089823246
3/10/2022,319.2516785,1.107382894
3/14/2022,324.7267151,1.093206763
3/15/2022,339.7831116,1.094319344
3/16/2022,340.6326599,1.096936345
3/17/2022,342.3790283,1.102195501
3/21/2022,342.9925842,1.104313493
3/22/2022,337.234375,1.101722002
3/23/2022,330.2961731,1.10297358
3/24/2022,329.7770081,1.100630641
3/27/2022,333.7416382,1.098189116
3/28/2022,348.5620422,1.099384308
3/29/2022,346.1076965,1.109151602
3/30/2022,343.4645691,1.116183519
3/31/2022,347.098877,1.107235789
4/3/2022,350.2611694,1.104728222
4/4/2022,353.5178833,1.097586393
4/5/2022,345.8717041,1.090643287
4/6/2022,346.6268921,1.089823246
4/7/2022,347.240509,1.086484075
4/10/2022,344.0309448,1.088494658
4/11/2022,341.3878174,1.087795973
4/12/2022,339.0751343,1.082614303
4/13/2022,341.1990356,1.089656949
4/18/2022,331.2873535,1.078178763
4/19/2022,333.8360291,1.079447269
4/20/2022,340.7270813,1.084987044
4/21/2022,333.2224731,1.083517551
4/24/2022,322.7443542,1.081104517
4/25/2022,319.2516785,1.071420908
4/26/2022,327.0557861,1.06436193
4/27/2022,332.5617676,1.05550921
4/28/2022,334.0939026,1.050420165
5/1/2022,325.6673279,1.053596497
5/2/2022,319.3474121,1.050905824
5/3/2022,315.8044128,1.052853227
5/4/2022,315.2298889,1.062247753
5/5/2022,302.5900574,1.053974032
5/8/2022,291.4823303,1.053219199
5/9/2022,295.8871155,1.056579828
5/10/2022,310.1069336,1.053296804
5/11/2022,309.0057373,1.051248312
5/12/2022,318.34198,1.037958145
5/15/2022,313.8892822,1.040063262
5/16/2022,314.3202209,1.043895841
5/17/2022,302.5900574,1.054785609
5/18/2022,295.5519714,1.047273993
5/19/2022,294.7380066,1.05789876
5/22/2022,300.2919006,1.056981921
5/23/2022,295.2167969,1.06820488
5/24/2022,294.4028931,1.073652506
5/25/2022,298.7119446,1.068661451
5/26/2022,311.0166016,1.073295355
5/29/2022,317.6238098,1.073145628
5/30/2022,314.6074524,1.077353954
5/31/2022,308.2875977,1.073410511
6/1/2022,317.9111023,1.065416574
6/2/2022,313.9850464,1.075106978
6/5/2022,318.9644165,1.072604656
6/6/2022,313.4584045,1.069141388
6/7/2022,313.0274963,1.069862008
6/8/2022,308.6705933,1.071765423
6/9/2022,301.3930969,1.061920524
6/12/2022,295.2167969,1.048998713
6/13/2022,288.8490295,1.041514754
6/14/2022,294.4507751,1.044059277
6/15/2022,291.5301819,1.045620441
6/16/2022,294.5944214,1.054685473
6/19/2022,295.4083252,1.049141765
6/20/2022,302.2070618,1.052077889
6/21/2022,303.4997559,1.053263545
6/22/2022,309.6281738,1.056412458
6/23/2022,322.5552673,1.05201149
6/26/2022,320.3528748,1.056613326
6/27/2022,316.9056702,1.058089137
6/28/2022,316.7141113,1.052354574
6/29/2022,315.3256531,1.044659138
6/30/2022,315.4214172,1.047767758
7/3/2022,317.6238098,1.043394804
7/4/2022,317.3844299,1.043318629
7/5/2022,332.9927063,1.025767326
7/6/2022,329.3060608,1.018641114
7/7/2022,316.4268799,1.016983628
7/10/2022,315.5171509,1.016611457
7/11/2022,324.4703979,1.004752517
7/12/2022,321.7413025,1.003310919
7/13/2022,320.5922546,1.003270626
7/14/2022,325.9546204,1.002566576
7/17/2022,327.6782227,1.009631872
7/18/2022,332.4660645,1.014517784
7/19/2022,329.4975891,1.023133039
7/20/2022,332.2745361,1.018278122
7/21/2022,338.5944519,1.022108197
7/24/2022,338.7380981,1.020023108
7/25/2022,339.887146,1.022494912
7/26/2022,340.6531982,1.012955785
7/27/2022,339.6477661,1.020929098
7/28/2022,352.479126,1.019232869
7/31/2022,353.5803223,1.02082479
8/1/2022,348.3615723,1.026135683
8/2/2022,346.063446,1.015568733
8/3/2022,350.8034058,1.015764594
8/4/2022,342.951355,1.024779201
8/7/2022,345.6803894,1.017087102
8/8/2022,344.0525513,1.019762993
8/9/2022,345.6803894,1.020814419
8/10/2022,345.0101318,1.030078292
8/11/2022,344.6749878,1.031672359
8/14/2022,347.882782,1.025640965
8/15/2022,347.3561707,1.016198158
8/16/2022,349.0318909,1.01706636
8/17/2022,348.3615723,1.018018961
8/18/2022,346.7816162,1.008990049
8/21/2022,346.5422058,1.003522396
8/22/2022,339.0732422,0.993946791
8/23/2022,345.3452454,0.996690989
8/24/2022,344.2919312,0.996909559
8/25/2022,337.7805176,0.997128308
8/28/2022,332.1308899,0.993867815
8/29/2022,328.0612793,1.001401901
8/30/2022,328.6836548,1.002506256
8/31/2022,323.8479614,1.003905177
9/1/2022,330.1678772,0.99523288
9/4/2022,327.1515503,0.990942776
9/5/2022,329.0667114,0.995222986
9/6/2022,327.4867249,0.989795148
9/7/2022,327.1036987,0.999570191
9/8/2022,330.6466675,1.00120151
9/11/2022,337.4453735,1.007140636
9/12/2022,333.4236145,1.012955785
9/13/2022,330.1678772,0.998203278
9/14/2022,328.204895,0.998402536
9/15/2022,324.6619263,0.998831332
9/18/2022,318.9164734,1.002234936
9/19/2022,319.8740845,1.002958775
9/20/2022,322.986145,0.997078538
9/21/2022,314.2723389,0.983071506
9/22/2022,311.9741821,0.984155059
9/25/2022,314.8468933,0.968992293
9/26/2022,311.9263,0.96237123
9/27/2022,311.3517456,0.959619164
9/28/2022,309.6281738,0.970817208
9/29/2022,316.235321,0.982955575
10/2/2022,312.8359985,0.979268849
10/3/2022,323.8479614,0.983206868
10/4/2022,321.3583069,0.998432457
10/5/2022,320.0655823,0.991099894
10/6/2022,314.2244568,0.978904545
10/9/2022,310.96875,0.973501265
10/10/2022,313.6020508,0.971005738
10/11/2022,314.655365,0.970016778
10/12/2022,306.7554626,0.970798433
10/13/2022,312.5008545,0.975134015
10/16/2022,314.5596008,0.973937452
10/17/2022,316.1395874,0.984639645
10/18/2022,313.6977844,0.986387849
10/19/2022,315.2298889,0.976648271
10/20/2022,296.9404297,0.977889955
10/23/2022,302.6858215,0.986008584
10/24/2022,308.0002747,0.988650322
10/25/2022,306.2288208,0.996373117
10/26/2022,302.3506775,1.009193778
10/27/2022,300.9143066,0.996780396
10/31/2022,304.0263977,0.995500267
11/1/2022,294.8816833,0.988630772
11/2/2022,288.226593,0.987790942
11/3/2022,307.7608948,0.981440902
11/7/2022,313.7456665,0.99288106
11/8/2022,313.8892822,1.00186348
11/9/2022,324.1831055,1.008084774
11/10/2022,332.0830078,1.00195384
11/14/2022,328.204895,1.032855153
11/15/2022,330.8860779,1.031927824
11/16/2022,331.8435974,1.03578639
11/17/2022,333.3278503,1.039501071
11/21/2022,330.1200256,1.033089876
11/22/2022,334.1417847,1.024569154
11/23/2022,336.3920593,1.031108618
11/24/2022,335.3865967,1.041623354
11/28/2022,332.7533264,1.03675282
11/29/2022,339.7435303,1.034554124
11/30/2022,343.1907654,1.032449961
12/1/2022,345.44104,1.042535424
12/5/2022,343.7174072,1.054418564
12/6/2022,341.3235168,1.049692392
12/7/2022,339.9350281,1.046901107
12/8/2022,339.9350281,1.051325798
12/12/2022,339.26474,1.052221775
12/13/2022,340.4138184,1.054173946
12/14/2022,324.7576599,1.062665343
12/15/2022,321.5019226,1.067634702
12/19/2022,315.9959412,1.058503509
12/20/2022,325.6673279,1.061458468
12/21/2022,320.496521,1.062699318
12/22/2022,319.1080322,1.061007977
12/26/2022,322.4594727,1.066780448
12/27/2022,321.1667786,1.064022183
12/28/2022,324.3267517,1.06371665
12/29/2022,319.4431763,1.0629251
1/2/2023,324.0394897,1.070973396
1/3/2023,341.0362244,1.067771435
1/4/2023,339.0253296,1.054685473
1/5/2023,343.3822937,1.06063652
1/9/2023,348.8882751,1.065632343
1/10/2023,352.0960999,1.073318362
1/11/2023,351.569397,1.07389462
1/12/2023,358.0329895,1.076600075
1/16/2023,370.5770569,1.082461953
1/17/2023,367.3213501,1.083012938
1/18/2023,360.6184387,1.079330802
1/19/2023,364.2571411,1.079785347
1/23/2023,363.3953552,1.086507797
1/24/2023,365.0710754,1.087429285
1/25/2023,368.9492188,1.088814616
1/26/2023,362.3899231,1.092203856
1/30/2023,362.0068359,1.087145567
1/31/2023,356.5966492,1.085069418
2/1/2023,361.3844299,1.086094737
2/2/2023,368.0874023,1.101285219
2/6/2023,360.8578186,1.079086185
2/7/2023,359.4214478,1.073076487
2/8/2023,362.6771851,1.072972894
2/9/2023,359.6608276,1.071581602
2/13/2023,371.2952576,1.067771435
2/14/2023,373.4497375,1.073041916
2/15/2023,374.9818726,1.07357192
2/16/2023,368.2789001,1.06917572
2/20/2023,369.4758606,1.06844449
2/21/2023,369.8588867,1.068261981
2/22/2023,368.0874023,1.065200925
2/23/2023,357.1233215,1.060580373
2/27/2023,359.1820374,1.055475831
2/28/2023,356.2135925,1.06112051
3/1/2023,362.2941284,1.057730913
3/2/2023,363.7304993,1.066894293
3/6/2023,361.0971985,1.062620163
3/7/2023,360.2353821,1.068832874
3/8/2023,359.9002075,1.05507493
3/9/2023,357.9372253,1.054952502
3/13/2023,361.5759888,1.06836462
3/14/2023,355.3996887,1.072501063
3/15/2023,367.4171143,1.072765708
3/16/2023,364.1134949,1.058335423
3/20/2023,369.2364807,1.067885518
3/21/2023,377.0884705,1.071914792
3/22/2023,380.6314697,1.077423692
3/23/2023,381.1581116,1.087039232
3/26/2023,383.6478271,1.077818513
3/27/2023,381.2060242,1.080707192
3/28/2023,385.8023071,1.083952069
3/29/2023,388.3398743,1.084363461
3/30/2023,393.7979736,1.09046495
4/2/2023,397.8197327,1.080333591
4/3/2023,402.5118103,1.091226578
4/4/2023,405.7196655,1.096010566
4/5/2023,392.6967773,1.090334177
4/10/2023,399.4475708,1.086932898
4/11/2023,394.65979,1.091750741
4/12/2023,406.1026917,1.099989057
4/13/2023,402.7990723,1.105461001
4/16/2023,405.1929932,1.098659635
4/17/2023,406.2941589,1.092537999
4/18/2023,404.3790283,1.097538233
4/19/2023,411.3213501,1.095218301
4/20/2023,423.8175964,1.097092748
4/23/2023,418.646759,1.09922719
4/24/2023,414.0504456,1.105949998
4/25/2023,415.3128052,1.097839475
4/26/2023,427.1802979,1.104728222
4/27/2023,426.1954346,1.103204846
5/1/2023,424.2257385,1.096924186
5/2/2023,422.2067871,1.101091146
5/3/2023,414.8203735,1.106892586
5/4/2023,418.0211487,1.102292776
5/7/2023,421.8128357,1.101867676
5/8/2023,416.2976685,1.099614024
5/9/2023,410.8809814,1.096467137
5/10/2023,417.2825317,1.098406196
5/11/2023,414.7218933,1.091214538
5/14/2023,414.8203735,1.08526969
5/15/2023,413.195343,1.087370157
5/16/2023,409.2066956,1.086566806
5/17/2023,410.6839905,1.083834648
5/18/2023,415.214325,1.077539682
5/21/2023,412.4074707,1.082274556
5/22/2023,406.350647,1.081104517
5/23/2023,397.8808899,1.076971173
5/24/2023,400.4907532,1.075731516
5/25/2023,404.7748718,1.072443604
5/28/2023,401.9680176,1.07230556
5/29/2023,398.0778809,1.070766926
5/30/2023,392.9566345,1.073306918
5/31/2023,394.0892029,1.069518685
6/1/2023,401.6233215,1.076078773
6/4/2023,398.914978,1.069862008
6/5/2023,397.289978,1.071179867
6/6/2023,394.3846741,1.069804788
6/7/2023,396.2558899,1.070744038
6/8/2023,396.1081543,1.078271747
6/11/2023,398.2748108,1.075095415
6/12/2023,400.1953125,1.076298833
6/13/2023,405.9566956,1.078934908
6/14/2023,403.5930176,1.08430469
6/15/2023,408.6650391,1.094594836
6/18/2023,406.2029114,1.094211578
6/19/2023,406.6460876,1.092430472
6/20/2023,401.8695374,1.092036843
6/21/2023,400.1460266,1.099263549
6/22/2023,400.2445374,1.095890403
6/25/2023,397.831665,1.090667129
6/26/2023,401.081665,1.091048002
6/27/2023,408.2218628,1.095722318
6/28/2023,413.3431091,1.091583848
6/29/2023,420.631012,1.086802959
7/2/2023,417.1347656,1.090750456
7/3/2023,417.5779724,1.091309905
7/4/2023,415.4112854,1.088494658
7/5/2023,401.9187927,1.085658431
7/6/2023,396.5513306,1.089063644
7/9/2023,399.8013611,1.096972346
7/10/2023,402.8544006,1.100594401
7/11/2023,407.975647,1.101406455
7/12/2023,411.767334,1.114454508
7/13/2023,415.214325,1.122346997
7/16/2023,407.6802063,1.122775555
7/17/2023,402.1650085,1.123759627
7/18/2023,400.1460266,1.122889042
7/19/2023,394.9263306,1.120523453
7/20/2023,404.9225769,1.113709807
7/23/2023,401.4263611,1.112532616
7/24/2023,403.7407837,1.106317043
7/25/2023,400.8846741,1.105045676
7/26/2023,406.3998718,1.107836843
7/27/2023,414.4756775,1.097875595
7/30/2023,416.7901001,1.10242641
7/31/2023,409.7483521,1.099759102
8/1/2023,407.6802063,1.100788116
8/2/2023,405.9074402,1.094415188
8/3/2023,405.6119995,1.095158339
8/6/2023,402.2142334,1.10026741
8/7/2023,399.1611938,1.100315809
8/8/2023,400.6384583,1.095890403
8/9/2023,412.7521973,1.097767115
8/10/2023,406.0551758,1.098164916
8/13/2023,409.2066956,1.094439149
8/14/2023,402.3127441,1.090988398
8/15/2023,401.5740967,1.090417385
8/16/2023,396.5513306,1.087488413
8/17/2023,392.1687622,1.087464809
8/20/2023,391.9717712,1.087559462
8/21/2023,390.2975159,1.089835167
8/22/2023,395.2217712,1.084669232
8/23/2023,394.2861938,1.086578608
8/24/2023,395.3695374,1.079913616
8/27/2023,399.0627136,1.079738617
8/28/2023,402.9528809,1.082555652
8/29/2023,403.8884888,1.086921096
8/30/2023,399.6536255,1.093254685
8/31/2023,399.0627136,1.084410429
9/3/2023,399.6043701,1.077586293
9/4/2023,397.7331543,1.079447269
9/5/2023,392.1687622,1.0726161
9/6/2023,392.3656921,1.072420478
9/7/2023,398.1271057,1.069781899
9/10/2023,400.9831848,1.071811318
9/11/2023,395.2217712,1.075037599
9/12/2023,391.4793396,1.075326681
9/13/2023,395.9111938,1.073422074
9/14/2023,403.7900085,1.06371665
9/17/2023,398.2748108,1.066825986
9/18/2023,394.2861938,1.069267154
9/19/2023,403.7900085,1.06820488
9/20/2023,393.6460266,1.065303087
9/21/2023,392.3164673,1.066154838
9/24/2023,385.5702209,1.064849257
9/25/2023,381.6800232,1.059164882
9/26/2023,380.842926,1.056948304
9/27/2023,384.3883667,1.050530553
9/28/2023,387.2444763,1.056245089
10/1/2023,387.736908,1.056524038
10/2/2023,385.914917,1.048075199
10/3/2023,386.1118774,1.047230005
10/4/2023,385.4224854,1.050707102
10/5/2023,388.2293396,1.054663181
10/8/2023,381.1875916,1.056747317
10/9/2023,391.7255554,1.057887554
10/10/2023,390.789917,1.060479164
10/11/2023,387.2444763,1.062428236
10/12/2023,378.8239746,1.053674102
10/15/2023,380.8921509,1.052155375
10/16/2023,381.5323181,1.055431247
10/17/2023,377.2974548,1.057305932
10/18/2023,380.3504944,1.053851843
10/19/2023,374.4906006,1.058649182
10/22/2023,380.9906616,1.058996677
10/23/2023,388.1308289,1.066985369
10/24/2023,393.153595,1.059535265
10/25/2023,387.1952209,1.056725025
10/26/2023,384.6345825,1.056445956
10/30/2023,390.1497803,1.056245089
10/31/2023,390.986908,1.06150353
11/1/2023,397.1422424,1.057909966
11/2/2023,397.5854492,1.058705211
11/6/2023,399.3089294,1.073214769
11/7/2023,409.1574707,1.072156072
11/8/2023,412.6536865,1.069610238
11/9/2023,407.975647,1.071042299
11/13/2023,418.1688843,1.069015622
11/14/2023,417.4794617,1.070182562
11/15/2023,414.6234131,1.087831497
11/16/2023,417.528717,1.085458159
11/20/2023,419.2029724,1.090702772
11/21/2023,423.1423645,1.094594836
11/22/2023,422.7484436,1.091822267
11/23/2023,424.9151306,1.089087367
11/27/2023,424.1764832,1.09404397
11/28/2023,425.309082,1.095842361
11/29/2023,424.5211792,1.100594401
11/30/2023,429.5439148,1.097369552
12/4/2023,433.0894165,1.088814616
12/5/2023,434.7144165,1.083775878
12/6/2023,432.1045532,1.07936573
12/7/2023,435.2561035,1.076669693
12/11/2023,437.964447,1.076576948
12/12/2023,438.7030945,1.07665801
12/13/2023,436.8318481,1.079867005
12/14/2023,439.7864075,1.088613033
12/18/2023,443.9227905,1.089526415
12/19/2023,442.4455261,1.092382789
12/20/2023,441.411438,1.098104596
12/21/2023,440.7712402,1.094570875
12/26/2023,441.9038696,1.102025509
12/27/2023,444.464447,1.104301214
12/28/2023,443.8243103,1.110864282
1/1/2024,437.078064,1.105583191
1/2/2024,432.1537781,1.103874564
1/3/2024,430.725769,1.094175696
1/4/2024,427.672699,1.092776775
1/8/2024,433.8280334,1.094223619
1/9/2024,433.3356323,1.095170259
1/10/2024,434.8128967,1.093242645
1/11/2024,438.6538391,1.097514153
1/15/2024,418.3658447,1.094570875
1/16/2024,415.7067566,1.094570875
1/17/2024,419.7446594,1.087878942
1/18/2024,419.7446594,1.088577509
1/22/2024,420.0401001,1.089229703
1/23/2024,422.5022278,1.088020921
1/24/2024,425.8507385,1.085788131
1/25/2024,438.3583679,1.08817482
1/29/2024,439.5401917,1.084351778
1/30/2024,437.964447,1.083447099
1/31/2024,442.5440063,1.084339976
2/1/2024,440.869751,1.080392003
2/5/2024,447.0743408,1.07800436
2/6/2024,445.3508606,1.074183106
2/7/2024,446.286438,1.075719953
2/8/2024,412.4567261,1.077574611
2/12/2024,421.5173645,1.079820275
2/13/2024,424.767395,1.0772264
2/14/2024,431.1196899,1.070893168
2/15/2024,435.6992493,1.073214769
2/19/2024,436.8811035,1.078492761
2/20/2024,437.8166809,1.077539682
2/21/2024,444.3167419,1.081314921
2/22/2024,443.381134,1.08204031
2/26/2024,444.5137024,1.082005143
2/27/2024,439.7864075,1.085093021
2/28/2024,435.0098877,1.08448112
2/29/2024,435.2561035,1.083881617
3/4/2024,431.7106323,1.084269404
3/5/2024,431.5136414,1.085517049
3/6/2024,438.6045837,1.085599542
3/7/2024,442.1993103,1.089953899
3/11/2024,443.7750854,1.094295502
3/12/2024,447.3205566,1.093135118
3/13/2024,444.4152222,1.092776775
3/14/2024,439.3924561,1.095530272
3/18/2024,434.5174561,1.08825767
3/19/2024,430.1348572,1.08739388
3/20/2024,428.3621216,1.086330652
3/21/2024,426.0969543,1.093721032
3/25/2024,427.3772583,1.080753922
3/26/2024,432.350769,1.083822846
3/27/2024,432.006073,1.08323586
4/1/2024,424.422699,1.073721766
4/2/2024,414.9681091,1.076855183
4/3/2024,414.0817566,1.083834648
4/4/2024,406.4491272,1.083705425
4/7/2024,404.9718323,1.083048105
4/8/2024,409.2066956,1.086366177
4/9/2024,408.7142944,1.085929632
4/10/2024,412.5059814,1.074171543
4/11/2024,408.2218628,1.072685122
4/14/2024,409.1574707,1.064962745
4/15/2024,408.8127747,1.062574983
4/16/2024,411.9150391,1.062146187
4/17/2024,417.184021,1.066939831
4/18/2024,438.2106628,1.064418554
4/21/2024,434.3204651,1.065825343
4/22/2024,434.0250244,1.06540525
4/23/2024,433.5818481,1.07043457
4/24/2024,429.1499939,1.069987893
4/25/2024,435.6499939,1.07296145
4/28/2024,436.5,1.070686698
4/29/2024,439.6499939,1.071570158
5/1/2024,436.7000122,1.072156072
5/2/2024,440.8999939,1.073306918
5/5/2024,443,1.075812459
5/6/2024,444.8999939,1.076750755
5/7/2024,447.0499878,1.075049162
5/8/2024,453.8500061,1.074691057
5/9/2024,453.4500122,1.078515887
5/12/2024,455.5499878,1.077040672
5/13/2024,456.8999939,1.079354167
5/14/2024,456.7999878,1.081455231
5/15/2024,453.5,1.088980556
5/16/2024,447.6000061,1.086779356
5/19/2024,448.8999939,1.087547541
5/20/2024,447.5499878,1.086082935
5/21/2024,453.3999939,1.085517049
5/22/2024,450.9500122,1.082520485
5/23/2024,447.3500061,1.081268191
5/26/2024,449.3500061,1.084763408
5/27/2024,445.6499939,1.086189151
5/28/2024,440.2999878,1.085187197
5/29/2024,444.7000122,1.080181956
5/30/2024,452.1000061,1.083541036
6/2/2024,449.25,1.085304976
6/3/2024,452.1000061,1.090738535
6/4/2024,455.6000061,1.088186622
6/5/2024,456.1499939,1.087453008
6/6/2024,455.3500061,1.089443207
6/9/2024,452.5499878,1.07788825
6/10/2024,451.3999939,1.076426268
6/11/2024,455.3500061,1.074033022
6/12/2024,450.8999939,1.081314921
6/13/2024,440.4500122,1.073883176
6/16/2024,446.8999939,1.070216894
6/17/2024,441.5499878,1.074067712
6/18/2024,436.6499939,1.07422924
6/19/2024,442.6499939,1.075153232
6/20/2024,440.6499939,1.070640922
6/23/2024,442.1000061,1.068775773
6/24/2024,436.5,1.073272347
6/25/2024,437.6000061,1.070961952
6/26/2024,422.8500061,1.068010926
6/27/2024,410.0499878,1.070847273
6/30/2024,412.25,1.073525786
7/1/2024,405.6499939,1.073710203
7/2/2024,405.4500122,1.074841261
7/3/2024,408,1.079330802
7/4/2024,410.0499878,1.08106935
7/7/2024,405.4500122,1.08260262
7/8/2024,400.0499878,1.083095074
7/9/2024,403.3999939,1.081478596
7/10/2024,405.5,1.083329678
7/11/2024,412.6000061,1.087275624
7/14/2024,406.2999878,1.088553905
7/15/2024,400,1.090155959
7/16/2024,403.5499878,1.090250969
7/17/2024,406.2000122,1.094020128
7/18/2024,404.4500122,1.090155959
7/21/2024,409.3500061,1.089918256
7/22/2024,404.7000122,1.088980556
7/23/2024,398.25,1.085069418
7/24/2024,392.3500061,1.083952069
7/25/2024,398.7999878,1.085128307
7/28/2024,392.6000061,1.085375667
7/29/2024,392.2999878,1.081946611
7/30/2024,400.6499939,1.081607223
7/31/2024,387.8500061,1.08239162
8/1/2024,381.0499878,1.078760266
8/4/2024,384.9500122,1.091083646
8/5/2024,385.25,1.095098257
8/6/2024,391,1.092621565
8/7/2024,386,1.092812538
8/8/2024,382.75,1.091572046
8/11/2024,376.6499939,1.091381311
8/12/2024,376.7999878,1.093625188
8/13/2024,380.5499878,1.099698663
8/14/2024,384.2000122,1.101321578
8/15/2024,385.3500061,1.097273231
8/18/2024,385.7000122,1.102499366
8/19/2024,385.1000061,1.108647466
8/20/2024,390.5,1.11279273
8/21/2024,392.25,1.115536094
8/22/2024,394.3999939,1.11171639
8/25/2024,395.2999878,1.118793488
8/26/2024,392.25,1.116470098
8/27/2024,391.3999939,1.117793083
8/28/2024,398.5499878,1.112495542
8/29/2024,396.6000061,1.108045459
9/1/2024,395.3500061,1.1044842
9/2/2024,397.5,1.106745601
9/3/2024,391.4500122,1.104886889
9/4/2024,387.5499878,1.108045459
9/5/2024,382.7999878,1.111111164
9/8/2024,383.5499878,1.108721256
9/9/2024,376.5499878,1.103752732
9/10/2024,367.7000122,1.102098346
9/11/2024,365.2000122,1.101091146
9/12/2024,366.6499939,1.107787728
9/15/2024,365.8999939,1.108844161
9/16/2024,368.3500061,1.112953663
9/17/2024,365.7999878,1.112309933
9/18/2024,379,1.111481667
9/19/2024,370.5,1.116196036
9/22/2024,367.7999878,1.11608386
9/23/2024,383.2999878,1.111172795
9/24/2024,382.0499878,1.119119048
9/25/2024,408.6499939,1.113102317
9/26/2024,405.9500122,1.117717981
9/29/2024,402.0499878,1.116981506
9/30/2024,391.6000061,1.113660216
10/1/2024,394.2999878,1.106390476
10/2/2024,389.7000122,1.104850292
10/3/2024,393.3500061,1.103557825
10/6/2024,394.5499878,1.097453952
10/7/2024,386.8999939,1.097574353
10/8/2024,390,1.097574353
10/9/2024,390,1.094331384
10/10/2024,394.6000061,1.093386054
10/13/2024,391.5499878,1.092537999
10/14/2024,376.3999939,1.090916991
10/15/2024,368.2000122,1.088411689
10/16/2024,372.1499939,1.086248159
10/17/2024,372.7000122,1.082954288
10/20/2024,363.7000122,1.086861968
10/21/2024,367.25,1.081782818
10/22/2024,358.1000061,1.079727054
10/23/2024,358.7000122,1.078050852
10/24/2024,355.6499939,1.082415104
10/28/2024,355.6000061,1.079657078
10/29/2024,347.3500061,1.081677437
