Date,Total_Sales_EUR_Million,EPS,Close
10/29/2019,7680.226087,3.5,242.2757721
10/30/2019,7673.116304,3.505,241.0786591
10/31/2019,7666.006522,3.51,239.7894592
11/3/2019,7644.677174,3.525,239.881546
11/4/2019,7637.567391,3.53,242.3678741
11/5/2019,7630.457609,3.535,244.0253906
11/6/2019,7623.347826,3.54,242.9203491
11/7/2019,7616.238043,3.545,243.3807831
11/10/2019,7594.908696,3.56,242.1836548
11/11/2019,7587.798913,3.565,240.7103119
11/12/2019,7580.68913,3.57,241.446991
11/13/2019,7573.579348,3.575,241.446991
11/14/2019,7566.469565,3.58,240.8023834
11/17/2019,7545.140217,3.595,241.5390778
11/18/2019,7538.030435,3.6,240.1577759
11/19/2019,7530.920652,3.605,238.1319275
11/20/2019,7523.81087,3.61,235.2772827
11/21/2019,7516.701087,3.615,235.1852112
11/24/2019,7495.371739,3.63,235.1852112
11/25/2019,7488.261957,3.635,236.9348297
11/26/2019,7481.152174,3.64,237.4873199
11/27/2019,7474.042391,3.645,236.6585541
11/28/2019,7466.932609,3.65,238.2240448
12/1/2019,7445.603261,3.665,231.7780457
12/2/2019,7438.493478,3.67,231.1334534
12/3/2019,7431.383696,3.675,233.0672455
12/4/2019,7424.273913,3.68,231.3176422
12/5/2019,7417.16413,3.685,236.3823242
12/8/2019,7395.834783,3.7,234.0802002
12/9/2019,7388.725,3.705,235.2772827
12/10/2019,7381.615217,3.71,234.2643585
12/11/2019,7374.505435,3.715,236.0139618
12/12/2019,7367.395652,3.72,236.0139618
12/15/2019,7346.066304,3.735,240.5261688
12/16/2019,7338.956522,3.74,235.7377319
12/17/2019,7331.846739,3.745,235.6456451
12/18/2019,7324.736957,3.75,238.4081879
12/19/2019,7317.627174,3.755,243.749176
12/22/2019,7296.297826,3.77,244.3016205
12/23/2019,7289.188043,3.775,243.5649414
12/24/2019,7282.078261,3.78,243.5649414
12/26/2019,7267.858696,3.79,245.0383453
12/29/2019,7246.529348,3.805,242.3678741
12/30/2019,7239.419565,3.81,243.104538
1/1/2020,7225.2,3.82,243.2887268
1/2/2020,7210.102198,3.82,243.0124512
1/5/2020,7164.808791,3.82,242.1836548
1/6/2020,7149.710989,3.82,239.0528107
1/7/2020,7134.613187,3.82,240.5261688
1/8/2020,7119.515385,3.82,241.9995117
1/9/2020,7104.417582,3.82,243.0124512
1/12/2020,7059.124176,3.82,241.7232513
1/13/2020,7044.026374,3.82,242.9203491
1/14/2020,7028.928571,3.82,248.0771027
1/15/2020,7013.830769,3.82,248.4454651
1/16/2020,6998.732967,3.82,253.5101471
1/19/2020,6953.43956,3.82,252.5892944
1/20/2020,6938.341758,3.82,249.2742462
1/21/2020,6923.243956,3.82,247.7087555
1/22/2020,6908.146154,3.82,245.8670807
1/23/2020,6893.048352,3.82,249.0900574
1/26/2020,6847.754945,3.82,237.5794373
1/27/2020,6832.657143,3.82,240.8944855
1/28/2020,6817.559341,3.82,241.5390778
1/29/2020,6802.461538,3.82,239.0528107
1/30/2020,6787.363736,3.82,231.9622192
2/2/2020,6742.07033,3.82,234.8168793
2/3/2020,6726.972527,3.82,240.8023834
2/4/2020,6711.874725,3.82,242.2757721
2/5/2020,6696.776923,3.82,246.6037292
2/6/2020,6681.679121,3.82,249.2742462
2/9/2020,6636.385714,3.82,249.3662872
2/10/2020,6621.287912,3.82,251.3921661
2/11/2020,6606.19011,3.82,249.6425934
2/12/2020,6591.092308,3.82,250.0109406
2/13/2020,6575.994505,3.82,246.9720612
2/16/2020,6530.701099,3.82,246.3275146
2/17/2020,6515.603297,3.82,247.0641937
2/18/2020,6500.505495,3.82,250.7475891
2/19/2020,6485.407692,3.82,244.6699829
2/20/2020,6470.30989,3.82,244.9462128
2/23/2020,6425.016484,3.82,235.7377319
2/24/2020,6409.918681,3.82,232.6989288
2/25/2020,6394.820879,3.82,233.8960114
2/26/2020,6379.723077,3.82,227.0817261
2/27/2020,6364.625275,3.82,221.9249725
3/1/2020,6319.331868,3.82,227.9104919
3/2/2020,6304.234066,3.82,231.5018005
3/3/2020,6289.136264,3.82,238.9607086
3/4/2020,6274.038462,3.82,237.1190033
3/5/2020,6258.940659,3.82,233.6197662
3/8/2020,6213.647253,3.82,218.0573883
3/9/2020,6198.549451,3.82,215.8473511
3/10/2020,6183.451648,3.82,211.5193481
3/11/2020,6168.353846,3.82,196.1411591
3/12/2020,6153.256044,3.82,198.9036865
3/15/2020,6107.962637,3.82,191.1685486
3/16/2020,6092.864835,3.82,204.9813232
3/17/2020,6077.767033,3.82,206.6388245
3/18/2020,6062.669231,3.82,209.5855713
3/19/2020,6047.571429,3.82,209.0330505
3/22/2020,6002.278022,3.82,203.1396179
3/23/2020,5987.18022,3.82,219.4386749
3/24/2020,5972.082418,3.82,233.711853
3/25/2020,5956.984615,3.82,234.4485321
3/26/2020,5941.886813,3.82,221.0041046
3/29/2020,5896.593407,3.82,226.8054657
3/30/2020,5881.495604,3.82,219.9911804
3/31/2020,5866.397802,3.82,214.8344116
4/1/2020,5851.3,3.82,219.1624146
4/2/2020,5864.327473,3.816263736,217.5969543
4/5/2020,5903.40989,3.805054945,216.7681885
4/6/2020,5916.437363,3.801318681,221.0041046
4/7/2020,5929.464835,3.797582418,223.2141571
4/8/2020,5942.492308,3.793846154,225.4241943
4/13/2020,6007.62967,3.775164835,230.6730499
4/14/2020,6020.657143,3.771428571,226.4371185
4/15/2020,6033.684615,3.767692308,225.147934
4/16/2020,6046.712088,3.763956044,228.002594
4/19/2020,6085.794505,3.752747253,235.4614716
4/20/2020,6098.821978,3.749010989,226.345047
4/21/2020,6111.849451,3.745274725,228.4629974
4/22/2020,6124.876923,3.741538462,226.345047
4/23/2020,6137.904396,3.737802198,224.0429077
4/26/2020,6176.986813,3.726593407,226.7133789
4/27/2020,6190.014286,3.722857143,234.2643585
4/28/2020,6203.041758,3.719120879,235.9218903
4/29/2020,6216.069231,3.715384615,244.3016205
5/3/2020,6268.179121,3.70043956,230.3967743
5/4/2020,6281.206593,3.696703297,228.5550995
5/5/2020,6294.234066,3.692967033,223.7666626
5/6/2020,6307.261538,3.689230769,229.2917633
5/7/2020,6320.289011,3.685494505,233.4356079
5/10/2020,6359.371429,3.674285714,235.6456451
5/11/2020,6372.398901,3.670549451,233.2514343
5/12/2020,6385.426374,3.666813187,225.9766998
5/13/2020,6398.453846,3.663076923,222.2932892
5/14/2020,6411.481319,3.659340659,223.4904175
5/17/2020,6450.563736,3.648131868,230.4888763
5/18/2020,6463.591209,3.644395604,228.647171
5/19/2020,6476.618681,3.640659341,233.2514343
5/20/2020,6489.646154,3.636923077,228.647171
5/21/2020,6502.673626,3.633186813,228.4629974
5/24/2020,6541.756044,3.621978022,231.2255707
5/25/2020,6554.783516,3.618241758,228.8313599
5/26/2020,6567.810989,3.614505495,231.5018005
5/27/2020,6580.838462,3.610769231,239.6053314
5/28/2020,6593.865934,3.607032967,241.1707306
5/31/2020,6632.948352,3.595824176,238.3161011
6/1/2020,6645.975824,3.592087912,240.5261688
6/2/2020,6659.003297,3.588351648,248.9979706
6/3/2020,6672.030769,3.584615385,245.406662
6/4/2020,6685.058242,3.580879121,248.3533936
6/7/2020,6724.140659,3.56967033,243.749176
6/8/2020,6737.168132,3.565934066,244.9462128
6/9/2020,6750.195604,3.562197802,245.4987488
6/10/2020,6763.223077,3.558461538,243.749176
6/11/2020,6776.250549,3.554725275,242.5520172
6/14/2020,6815.332967,3.543516484,240.2499084
6/15/2020,6828.36044,3.53978022,250.563446
6/16/2020,6841.387912,3.536043956,254.3388977
6/17/2020,6854.415385,3.532307692,254.7072296
6/18/2020,6867.442857,3.528571429,257.1014709
6/21/2020,6906.525275,3.517362637,254.7993317
6/22/2020,6919.552747,3.513626374,258.3906555
6/23/2020,6932.58022,3.50989011,256.9172668
6/24/2020,6945.607692,3.506153846,258.7589417
6/25/2020,6958.635165,3.502417582,262.5344543
6/28/2020,6997.717582,3.491208791,262.7186279
6/29/2020,7010.745055,3.487472527,263.0869751
6/30/2020,7023.772527,3.483736264,264.0078735
7/1/2020,7036.8,3.48,273.2163391
7/2/2020,7045.952174,3.48,270.1842346
7/5/2020,7073.408696,3.48,270.8373108
7/6/2020,7082.56087,3.48,268.971405
7/7/2020,7091.713043,3.48,266.2658081
7/8/2020,7100.865217,3.48,267.4786987
7/9/2020,7110.017391,3.48,269.2512817
7/12/2020,7137.473913,3.48,268.5048828
7/13/2020,7146.626087,3.48,266.6389465
7/14/2020,7155.778261,3.48,271.5836792
7/15/2020,7164.930435,3.48,267.8518372
7/16/2020,7174.082609,3.48,270.8373108
7/19/2020,7201.53913,3.48,270.5574036
7/20/2020,7210.691304,3.48,270.1842346
7/21/2020,7219.843478,3.48,267.8518372
7/22/2020,7228.995652,3.48,271.7702332
7/23/2020,7238.147826,3.48,265.7993469
7/26/2020,7265.604348,3.48,266.4523926
7/27/2020,7274.756522,3.48,267.4786987
7/28/2020,7283.908696,3.48,269.8110352
7/29/2020,7293.06087,3.48,265.4261475
7/30/2020,7302.213043,3.48,264.0267029
8/2/2020,7329.669565,3.48,259.4552307
8/3/2020,7338.821739,3.48,262.7205811
8/4/2020,7347.973913,3.48,263.5602417
8/5/2020,7357.126087,3.48,260.2948608
8/6/2020,7366.278261,3.48,258.988739
8/9/2020,7393.734783,3.48,257.4959717
8/10/2020,7402.886957,3.48,258.6155701
8/11/2020,7412.03913,3.48,263.2803345
8/12/2020,7421.191304,3.48,263.5602417
8/13/2020,7430.343478,3.48,259.8283997
8/16/2020,7457.8,3.48,260.2015991
8/17/2020,7466.952174,3.48,260.4814758
8/18/2020,7476.104348,3.48,264.0267029
8/19/2020,7485.256522,3.48,260.2948608
8/20/2020,7494.408696,3.48,255.5367889
8/23/2020,7521.865217,3.48,259.9216919
8/24/2020,7531.017391,3.48,260.1083069
8/25/2020,7540.169565,3.48,262.5339355
8/26/2020,7549.321739,3.48,261.7876282
8/27/2020,7558.473913,3.48,258.6155701
8/30/2020,7585.930435,3.48,258.3356934
8/31/2020,7595.082609,3.48,258.8954773
9/1/2020,7604.234783,3.48,262.3473816
9/2/2020,7613.386957,3.48,259.9216919
9/3/2020,7622.53913,3.48,255.5367889
9/6/2020,7649.995652,3.48,259.9216919
9/7/2020,7659.147826,3.48,257.4027405
9/8/2020,7668.3,3.48,263.6535339
9/9/2020,7677.452174,3.48,262.6272583
9/10/2020,7686.604348,3.48,263.2803345
9/13/2020,7714.06087,3.48,262.5339355
9/14/2020,7723.213043,3.48,264.3998718
9/15/2020,7732.365217,3.48,262.1607666
9/16/2020,7741.517391,3.48,261.2278442
9/17/2020,7750.669565,3.48,258.0557556
9/20/2020,7778.126087,3.48,252.9245453
9/21/2020,7787.278261,3.48,255.5367889
9/22/2020,7796.430435,3.48,258.8954773
9/23/2020,7805.582609,3.48,255.7234039
9/24/2020,7814.734783,3.48,252.5513763
9/27/2020,7842.191304,3.48,259.9216919
9/28/2020,7851.343478,3.48,262.6272583
9/29/2020,7860.495652,3.48,258.988739
9/30/2020,7869.647826,3.48,263.7468262
10/1/2020,7878.8,3.48,262.3473816
10/4/2020,7870.181522,3.5175,261.2278442
10/5/2020,7867.308696,3.53,260.4814758
10/6/2020,7864.43587,3.5425,259.4552307
10/7/2020,7861.563043,3.555,259.8283997
10/8/2020,7858.690217,3.5675,263.4669495
10/11/2020,7850.071739,3.605,268.1316833
10/12/2020,7847.198913,3.6175,267.8518372
10/13/2020,7844.326087,3.63,270.8373108
10/14/2020,7841.453261,3.6425,265.6127625
10/15/2020,7838.580435,3.655,271.8635559
10/18/2020,7829.961957,3.6925,269.1579895
10/19/2020,7827.08913,3.705,271.117218
10/20/2020,7824.216304,3.7175,267.5718994
10/21/2020,7821.343478,3.73,266.1724854
10/22/2020,7818.470652,3.7425,269.2512817
10/25/2020,7809.852174,3.78,266.1724854
10/26/2020,7806.979348,3.7925,267.8518372
10/27/2020,7804.106522,3.805,260.1083069
10/28/2020,7801.233696,3.8175,260.3881836
10/29/2020,7798.36087,3.83,259.0820618
11/1/2020,7789.742391,3.8675,264.8663635
11/2/2020,7786.869565,3.88,270.7440491
11/3/2020,7783.996739,3.8925,279.7936707
11/4/2020,7781.123913,3.905,278.767395
11/5/2020,7778.251087,3.9175,277.0881042
11/8/2020,7769.632609,3.955,290.1494751
11/9/2020,7766.759783,3.9675,294.2544861
11/10/2020,7763.886957,3.98,297.6131592
11/11/2020,7761.01413,3.9925,296.0270996
11/12/2020,7758.141304,4.005,293.1349487
11/15/2020,7749.522826,4.0425,296.2137146
11/16/2020,7746.65,4.055,295.374054
11/17/2020,7743.777174,4.0675,293.5081177
11/18/2020,7740.904348,4.08,289.9628601
11/19/2020,7738.031522,4.0925,291.1757507
11/22/2020,7729.413043,4.13,285.7646179
11/23/2020,7726.540217,4.1425,276.0618286
11/24/2020,7723.667391,4.155,283.9919739
11/25/2020,7720.794565,4.1675,285.2981262
11/26/2020,7717.921739,4.18,288.5634766
11/29/2020,7709.303261,4.2175,286.2310791
11/30/2020,7706.430435,4.23,285.7646179
12/1/2020,7703.557609,4.2425,285.8578796
12/2/2020,7700.684783,4.255,284.5517578
12/3/2020,7697.811957,4.2675,285.7646179
12/6/2020,7689.193478,4.305,283.6188049
12/7/2020,7686.320652,4.3175,284.3651428
12/8/2020,7683.447826,4.33,281.7528992
12/9/2020,7680.575,4.3425,281.4730225
12/10/2020,7677.702174,4.355,282.2193604
12/13/2020,7669.083696,4.3925,282.4059753
12/14/2020,7666.21087,4.405,282.2193604
12/15/2020,7663.338043,4.4175,288.6567688
12/16/2020,7660.465217,4.43,284.2718811
12/17/2020,7657.592391,4.4425,284.9249268
12/20/2020,7648.973913,4.48,275.7819824
12/21/2020,7646.101087,4.4925,281.5662537
12/22/2020,7643.228261,4.505,283.3388672
12/23/2020,7640.355435,4.5175,282.0327454
12/27/2020,7628.86413,4.5675,288.3768616
12/28/2020,7625.991304,4.58,291.269043
12/29/2020,7623.118478,4.5925,292.2019653
12/30/2020,7620.245652,4.605,289.9628601
1/3/2021,7613.78,4.63,290.8025818
1/4/2021,7613.42,4.63,287.8171082
1/5/2021,7613.06,4.63,288.0969849
1/6/2021,7612.7,4.63,286.977478
1/7/2021,7612.34,4.63,285.7646179
1/10/2021,7611.26,4.63,284.64505
1/11/2021,7610.9,4.63,280.3534546
1/12/2021,7610.54,4.63,281.2864075
1/13/2021,7610.18,4.63,278.0210571
1/14/2021,7609.82,4.63,278.3942566
1/17/2021,7608.74,4.63,276.9947815
1/18/2021,7608.38,4.63,277.1813965
1/19/2021,7608.02,4.63,273.9160461
1/20/2021,7607.66,4.63,274.848999
1/21/2021,7607.3,4.63,276.4350281
1/24/2021,7606.22,4.63,278.95401
1/25/2021,7605.86,4.63,281.5662537
1/26/2021,7605.5,4.63,277.6478882
1/27/2021,7605.14,4.63,277.4613037
1/28/2021,7604.78,4.63,270.6506958
1/31/2021,7603.7,4.63,276.6216431
2/1/2021,7603.34,4.63,278.3942566
2/2/2021,7602.98,4.63,276.0618286
2/3/2021,7602.62,4.63,278.1143799
2/4/2021,7602.26,4.63,285.1115417
2/7/2021,7601.18,4.63,287.5372314
2/8/2021,7600.82,4.63,291.8287964
2/9/2021,7600.46,4.63,290.4293823
2/10/2021,7600.1,4.63,288.2835693
2/11/2021,7599.74,4.63,296.9600525
2/14/2021,7598.66,4.63,293.8812866
2/15/2021,7598.3,4.63,292.5751953
2/16/2021,7597.94,4.63,295.7472229
2/17/2021,7597.58,4.63,295.5606079
2/18/2021,7597.22,4.63,294.9076233
2/21/2021,7596.14,4.63,290.0561829
2/22/2021,7595.78,4.63,290.8025818
2/23/2021,7595.42,4.63,286.604248
2/24/2021,7595.06,4.63,286.3243713
2/25/2021,7594.7,4.63,282.4992371
2/28/2021,7593.62,4.63,285.2048645
3/1/2021,7593.26,4.63,288.1903076
3/2/2021,7592.9,4.63,286.977478
3/3/2021,7592.54,4.63,289.9628601
3/4/2021,7592.18,4.63,288.0969849
3/7/2021,7591.1,4.63,288.0969849
3/8/2021,7590.74,4.63,290.2428284
3/9/2021,7590.38,4.63,297.146698
3/10/2021,7590.02,4.63,299.5723572
3/11/2021,7589.66,4.63,300.9718323
3/14/2021,7588.58,4.63,299.9455261
3/15/2021,7588.22,4.63,301.7181702
3/16/2021,7587.86,4.63,304.1438293
3/17/2021,7587.5,4.63,300.4120178
3/18/2021,7587.14,4.63,298.9192505
3/21/2021,7586.06,4.63,299.29245
3/22/2021,7585.7,4.63,300.1321411
3/23/2021,7585.34,4.63,296.8667908
3/24/2021,7584.98,4.63,301.065094
3/25/2021,7584.62,4.63,301.9047852
3/28/2021,7583.54,4.63,304.7036438
3/29/2021,7583.18,4.63,305.8231506
3/30/2021,7582.82,4.63,304.8901978
3/31/2021,7582.46,4.63,302.1380005
4/5/2021,7600.31978,4.610659341,308.9485474
4/6/2021,7604.874725,4.605824176,308.5287476
4/7/2021,7609.42967,4.600989011,316.8320618
4/8/2021,7613.984615,4.596153846,315.7591553
4/11/2021,7627.649451,4.581648352,314.4996338
4/12/2021,7632.204396,4.576813187,317.2518616
4/13/2021,7636.759341,4.571978022,316.4122314
4/14/2021,7641.314286,4.567142857,319.8174744
4/15/2021,7645.869231,4.562307692,313.9865112
4/18/2021,7659.534066,4.547802198,316.1323242
4/19/2021,7664.089011,4.542967033,314.966156
4/20/2021,7668.643956,4.538131868,319.6309204
4/21/2021,7673.198901,4.533296703,324.3890076
4/22/2021,7677.753846,4.528461538,322.289856
4/25/2021,7691.418681,4.513956044,319.770874
4/26/2021,7695.973626,4.509120879,317.363739
4/27/2021,7700.528571,4.504285714,320.0068359
4/28/2021,7705.083516,4.499450549,323.8771362
4/29/2021,7709.638462,4.494615385,322.5083618
5/2/2021,7723.303297,4.48010989,326.2370605
5/3/2021,7727.858242,4.475274725,322.2252197
5/4/2021,7732.413187,4.47043956,326.6146545
5/5/2021,7736.968132,4.465604396,328.1721802
5/6/2021,7741.523077,4.460769231,330.2961731
5/9/2021,7755.187912,4.446263736,332.6560669
5/10/2021,7759.742857,4.441428571,326.9922485
5/11/2021,7764.297802,4.436593407,326.8978271
5/12/2021,7768.852747,4.431758242,330.532135
5/13/2021,7773.407692,4.426923077,332.6089172
5/16/2021,7787.072527,4.412417582,335.5352173
5/17/2021,7791.627473,4.407582418,332.2312927
5/18/2021,7796.182418,4.402747253,330.532135
5/19/2021,7800.737363,4.397912088,338.744751
5/20/2021,7805.292308,4.393076923,341.0574341
5/23/2021,7818.957143,4.378571429,344.2669373
5/24/2021,7823.512088,4.373736264,346.6268921
5/25/2021,7828.067033,4.368901099,345.9189453
5/26/2021,7832.621978,4.364065934,345.3997192
5/27/2021,7837.176923,4.359230769,350.7331238
5/30/2021,7850.841758,4.344725275,347.6652222
5/31/2021,7855.396703,4.33989011,349.27005
6/1/2021,7859.951648,4.335054945,350.7803955
6/2/2021,7864.506593,4.33021978,351.9603271
6/3/2021,7869.061538,4.325384615,355.3114319
6/6/2021,7882.726374,4.310879121,357.5297852
6/7/2021,7887.281319,4.306043956,359.4649048
6/8/2021,7891.836264,4.301208791,360.5976868
6/9/2021,7896.391209,4.296373626,360.5976868
6/10/2021,7900.946154,4.291538462,362.5328064
6/13/2021,7914.610989,4.277032967,363.0048218
6/14/2021,7919.165934,4.272197802,365.7423706
6/15/2021,7923.720879,4.267362637,367.3942871
6/16/2021,7928.275824,4.262527473,369.4710388
6/17/2021,7932.830769,4.257692308,368.4326477
6/20/2021,7946.495604,4.243186813,367.4414978
6/21/2021,7951.050549,4.238351648,365.7895508
6/22/2021,7955.605495,4.233516484,360.0785217
6/23/2021,7960.16044,4.228681319,368.2910461
6/24/2021,7964.715385,4.223846154,363.8071899
6/27/2021,7978.38022,4.209340659,364.0431824
6/28/2021,7982.935165,4.204505495,361.7776489
6/29/2021,7987.49011,4.19967033,354.7450562
6/30/2021,7992.045055,4.194835165,354.3202515
7/1/2021,7996.6,4.19,351.7715149
7/4/2021,8032.397826,4.19,351.8187561
7/5/2021,8044.330435,4.19,349.7419739
7/6/2021,8056.263043,4.19,355.4058533
7/7/2021,8068.195652,4.19,344.5501404
7/8/2021,8080.128261,4.19,350.9691467
7/11/2021,8115.926087,4.19,354.3202515
7/12/2021,8127.858696,4.19,354.461853
7/13/2021,8139.791304,4.19,355.4058533
7/14/2021,8151.723913,4.19,352.668335
7/15/2021,8163.656522,4.19,353.6123047
7/18/2021,8199.454348,4.19,352.2434998
7/19/2021,8211.386957,4.19,355.594635
7/20/2021,8223.319565,4.19,357.9073792
7/21/2021,8235.252174,4.19,357.9545898
7/22/2021,8247.184783,4.19,365.3647461
7/25/2021,8282.982609,4.19,362.0136414
7/26/2021,8294.915217,4.19,362.0608215
7/27/2021,8306.847826,4.19,364.2319946
7/28/2021,8318.780435,4.19,363.3352356
7/29/2021,8330.713043,4.19,364.2791748
8/1/2021,8366.51087,4.19,370.6982117
8/2/2021,8378.443478,4.19,371.783783
8/3/2021,8390.376087,4.19,373.2469177
8/4/2021,8402.308696,4.19,375.9372864
8/5/2021,8414.241304,4.19,376.6924133
8/8/2021,8450.03913,4.19,376.739624
8/9/2021,8461.971739,4.19,375.8428345
8/10/2021,8473.904348,4.19,377.8723755
8/11/2021,8485.836957,4.19,381.2235107
8/12/2021,8497.769565,4.19,380.5155334
8/15/2021,8533.567391,4.19,376.2676392
8/16/2021,8545.5,4.19,377.6835938
8/17/2021,8557.432609,4.19,371.1701965
8/18/2021,8569.365217,4.19,367.0166931
8/19/2021,8581.297826,4.19,370.5093994
8/22/2021,8617.095652,4.19,372.9637451
8/23/2021,8629.028261,4.19,371.1701965
8/24/2021,8640.96087,4.19,371.028595
8/25/2021,8652.893478,4.19,372.0197449
8/26/2021,8664.826087,4.19,371.5477905
8/29/2021,8700.623913,4.19,374.946106
8/30/2021,8712.556522,4.19,374.0965271
8/31/2021,8724.48913,4.19,377.1171875
9/1/2021,8736.421739,4.19,377.7308044
9/2/2021,8748.354348,4.19,372.7277527
9/5/2021,8784.152174,4.19,374.1437073
9/6/2021,8796.084783,4.19,371.028595
9/7/2021,8808.017391,4.19,371.9725342
9/8/2021,8819.95,4.19,375.4180908
9/9/2021,8831.882609,4.19,376.0316772
9/12/2021,8867.680435,4.19,375.2292786
9/13/2021,8879.613043,4.19,376.2676392
9/14/2021,8891.545652,4.19,370.9813843
9/15/2021,8903.478261,4.19,361.8248291
9/16/2021,8915.41087,4.19,361.164093
9/19/2021,8951.208696,4.19,351.3939209
9/20/2021,8963.141304,4.19,361.9664612
9/21/2021,8975.073913,4.19,362.9104309
9/22/2021,8987.006522,4.19,365.5535278
9/23/2021,8998.93913,4.19,357.1521912
9/26/2021,9034.736957,4.19,351.1579285
9/27/2021,9046.669565,4.19,342.3790283
9/28/2021,9058.602174,4.19,342.9453735
9/29/2021,9070.534783,4.19,336.856781
9/30/2021,9082.467391,4.19,341.2934265
10/3/2021,9093.663043,4.230434783,341.2462158
10/4/2021,9093.294565,4.250652174,343.4173584
10/5/2021,9092.926087,4.270869565,338.0839539
10/6/2021,9092.557609,4.291086957,341.6238098
10/7/2021,9092.18913,4.311304348,337.5647583
10/10/2021,9091.083696,4.371956522,335.8183899
10/11/2021,9090.715217,4.392173913,335.4880066
10/12/2021,9090.346739,4.412391304,342.0957947
10/13/2021,9089.978261,4.432608696,349.2228088
10/14/2021,9089.609783,4.452826087,348.8452454
10/17/2021,9088.504348,4.513478261,345.3997192
10/18/2021,9088.13587,4.533695652,342.2373962
10/19/2021,9087.767391,4.553913043,343.8893738
10/20/2021,9087.398913,4.574130435,348.6092529
10/21/2021,9087.030435,4.594347826,366.3087158
10/24/2021,9085.925,4.655,362.3440552
10/25/2021,9085.556522,4.675217391,368.5742493
10/26/2021,9085.188043,4.695434783,366.5919189
10/27/2021,9084.819565,4.715652174,371.406189
10/28/2021,9084.451087,4.735869565,372.8221436
10/31/2021,9083.345652,4.796521739,375.8900757
11/1/2021,9082.977174,4.81673913,377.5892029
11/2/2021,9082.608696,4.836956522,382.8282776
11/3/2021,9082.240217,4.857173913,385.8961487
11/4/2021,9081.871739,4.877391304,389.6720276
11/7/2021,9080.766304,4.938043478,389.1528625
11/8/2021,9080.397826,4.95826087,391.3240051
11/9/2021,9080.029348,4.978478261,391.1352234
11/10/2021,9079.66087,4.998695652,391.2296143
11/11/2021,9079.292391,5.018913043,397.365448
11/14/2021,9078.186957,5.079565217,400.291748
11/15/2021,9077.818478,5.099782609,403.2652588
11/16/2021,9077.45,5.12,405.719574
11/17/2021,9077.081522,5.140217391,399.2061768
11/18/2021,9076.713043,5.160434783,401.6605225
11/21/2021,9075.607609,5.221086957,394.4391174
11/22/2021,9075.23913,5.241304348,388.6336975
11/23/2021,9074.870652,5.261521739,389.4360352
11/24/2021,9074.502174,5.28173913,392.2207947
11/25/2021,9074.133696,5.301956522,379.7603455
11/28/2021,9073.028261,5.362608696,379.2883606
11/29/2021,9072.659783,5.382826087,375.2292786
11/30/2021,9072.291304,5.403043478,383.3946533
12/1/2021,9071.922826,5.42326087,375.8428345
12/2/2021,9071.554348,5.443478261,378.4387817
12/5/2021,9070.448913,5.504130435,385.7073669
12/6/2021,9070.080435,5.524347826,400.9997253
12/7/2021,9069.711957,5.544565217,394.8167114
12/8/2021,9069.343478,5.564782609,395.6191101
12/9/2021,9068.975,5.585,397.4598389
12/12/2021,9067.869565,5.645652174,394.580719
12/13/2021,9067.501087,5.665869565,391.9375916
12/14/2021,9067.132609,5.686086957,393.9199219
12/15/2021,9066.76413,5.706304348,395.0054932
12/16/2021,9066.395652,5.726521739,389.90802
12/19/2021,9065.290217,5.787173913,387.9729004
12/20/2021,9064.921739,5.807391304,391.6544189
12/21/2021,9064.553261,5.827608696,395.5246887
12/22/2021,9064.184783,5.847826087,398.9701843
12/23/2021,9063.816304,5.868043478,398.6870422
12/26/2021,9062.71087,5.928695652,394.72229
12/27/2021,9062.342391,5.948913043,397.507019
12/28/2021,9061.973913,5.969130435,395.3831177
12/29/2021,9061.605435,5.989347826,396.2798157
12/30/2021,9061.236957,6.009565217,393.5895996
1/2/2022,9063.225556,6.05,402.1325073
1/3/2022,9065.951111,6.05,407.22995
1/4/2022,9068.676667,6.05,404.2092285
1/5/2022,9071.402222,6.05,389.8608704
1/6/2022,9074.127778,6.05,386.6040955
1/9/2022,9082.304444,6.05,372.5389709
1/10/2022,9085.03,6.05,374.1437073
1/11/2022,9087.755556,6.05,377.6363831
1/12/2022,9090.481111,6.05,367.0166931
1/13/2022,9093.206667,6.05,358.1433716
1/16/2022,9101.383333,6.05,363.6656189
1/17/2022,9104.108889,6.05,354.9338684
1/18/2022,9106.834444,6.05,356.1138
1/19/2022,9109.56,6.05,359.4649048
1/20/2022,9112.285556,6.05,354.461853
1/23/2022,9120.462222,6.05,345.8245239
1/24/2022,9123.187778,6.05,349.128418
1/25/2022,9125.913333,6.05,351.2523499
1/26/2022,9128.638889,6.05,352.1491089
1/27/2022,9131.364444,6.05,347.4765015
1/30/2022,9139.541111,6.05,355.7362671
1/31/2022,9142.266667,6.05,356.6329956
2/1/2022,9144.992222,6.05,358.3321838
2/2/2022,9147.717778,6.05,351.6299438
2/3/2022,9150.443333,6.05,347.1460876
2/6/2022,9158.62,6.05,350.5444031
2/7/2022,9161.345556,6.05,348.2316589
2/8/2022,9164.071111,6.05,350.5915527
2/9/2022,9166.796667,6.05,343.6062012
2/10/2022,9169.522222,6.05,343.55896
2/13/2022,9177.698889,6.05,333.316864
2/14/2022,9180.424444,6.05,339.2167053
2/15/2022,9183.15,6.05,335.2520142
2/16/2022,9185.875556,6.05,336.6207886
2/17/2022,9188.601111,6.05,340.5382996
2/20/2022,9196.777778,6.05,327.0394592
2/21/2022,9199.503333,6.05,329.2106018
2/22/2022,9202.228889,6.05,324.2547302
2/23/2022,9204.954444,6.05,321.5643921
2/24/2022,9207.68,6.05,334.1192322
2/27/2022,9215.856667,6.05,335.1104126
2/28/2022,9218.582222,6.05,325.4346924
3/1/2022,9221.307778,6.05,328.9745789
3/2/2022,9224.033333,6.05,326.8978271
3/3/2022,9226.758889,6.05,317.5525208
3/6/2022,9234.935556,6.05,322.6972046
3/7/2022,9237.661111,6.05,309.906311
3/8/2022,9240.386667,6.05,336.0543823
3/9/2022,9243.112222,6.05,319.8180542
3/10/2022,9245.837778,6.05,319.2516785
3/13/2022,9254.014444,6.05,325.9066467
3/14/2022,9256.74,6.05,324.7267151
3/15/2022,9259.465556,6.05,339.7831116
3/16/2022,9262.191111,6.05,340.6326599
3/17/2022,9264.916667,6.05,342.3790283
3/20/2022,9273.093333,6.05,335.2520142
3/21/2022,9275.818889,6.05,342.9925842
3/22/2022,9278.544444,6.05,337.234375
3/23/2022,9281.27,6.05,330.2961731
3/24/2022,9283.995556,6.05,329.7770081
3/27/2022,9292.172222,6.05,333.7416382
3/28/2022,9294.897778,6.05,348.5620422
3/29/2022,9297.623333,6.05,346.1076965
3/30/2022,9300.348889,6.05,343.4645691
3/31/2022,9303.074444,6.05,347.098877
4/3/2022,9311.720879,6.031538462,350.2611694
4/4/2022,9314.681319,6.022307692,353.5178833
4/5/2022,9317.641758,6.013076923,345.8717041
4/6/2022,9320.602198,6.003846154,346.6268921
4/7/2022,9323.562637,5.994615385,347.240509
4/10/2022,9332.443956,5.966923077,344.0309448
4/11/2022,9335.404396,5.957692308,341.3878174
4/12/2022,9338.364835,5.948461538,339.0751343
4/13/2022,9341.325275,5.939230769,341.1990356
4/18/2022,9356.127473,5.893076923,331.2873535
4/19/2022,9359.087912,5.883846154,333.8360291
4/20/2022,9362.048352,5.874615385,340.7270813
4/21/2022,9365.008791,5.865384615,333.2224731
4/24/2022,9373.89011,5.837692308,322.7443542
4/25/2022,9376.850549,5.828461538,319.2516785
4/26/2022,9379.810989,5.819230769,327.0557861
4/27/2022,9382.771429,5.81,332.5617676
4/28/2022,9385.731868,5.800769231,334.0939026
5/1/2022,9394.613187,5.773076923,325.6673279
5/2/2022,9397.573626,5.763846154,319.3474121
5/3/2022,9400.534066,5.754615385,315.8044128
5/4/2022,9403.494505,5.745384615,315.2298889
5/5/2022,9406.454945,5.736153846,302.5900574
5/8/2022,9415.336264,5.708461538,291.4823303
5/9/2022,9418.296703,5.699230769,295.8871155
5/10/2022,9421.257143,5.69,310.1069336
5/11/2022,9424.217582,5.680769231,309.0057373
5/12/2022,9427.178022,5.671538462,318.34198
5/15/2022,9436.059341,5.643846154,313.8892822
5/16/2022,9439.01978,5.634615385,314.3202209
5/17/2022,9441.98022,5.625384615,302.5900574
5/18/2022,9444.940659,5.616153846,295.5519714
5/19/2022,9447.901099,5.606923077,294.7380066
5/22/2022,9456.782418,5.579230769,300.2919006
5/23/2022,9459.742857,5.57,295.2167969
5/24/2022,9462.703297,5.560769231,294.4028931
5/25/2022,9465.663736,5.551538462,298.7119446
5/26/2022,9468.624176,5.542307692,311.0166016
5/29/2022,9477.505495,5.514615385,317.6238098
5/30/2022,9480.465934,5.505384615,314.6074524
5/31/2022,9483.426374,5.496153846,308.2875977
6/1/2022,9486.386813,5.486923077,317.9111023
6/2/2022,9489.347253,5.477692308,313.9850464
6/5/2022,9498.228571,5.45,318.9644165
6/6/2022,9501.189011,5.440769231,313.4584045
6/7/2022,9504.149451,5.431538462,313.0274963
6/8/2022,9507.10989,5.422307692,308.6705933
6/9/2022,9510.07033,5.413076923,301.3930969
6/12/2022,9518.951648,5.385384615,295.2167969
6/13/2022,9521.912088,5.376153846,288.8490295
6/14/2022,9524.872527,5.366923077,294.4507751
6/15/2022,9527.832967,5.357692308,291.5301819
6/16/2022,9530.793407,5.348461538,294.5944214
6/19/2022,9539.674725,5.320769231,295.4083252
6/20/2022,9542.635165,5.311538462,302.2070618
6/21/2022,9545.595604,5.302307692,303.4997559
6/22/2022,9548.556044,5.293076923,309.6281738
6/23/2022,9551.516484,5.283846154,322.5552673
6/26/2022,9560.397802,5.256153846,320.3528748
6/27/2022,9563.358242,5.246923077,316.9056702
6/28/2022,9566.318681,5.237692308,316.7141113
6/29/2022,9569.279121,5.228461538,315.3256531
6/30/2022,9572.23956,5.219230769,315.4214172
7/3/2022,9591.371739,5.21,317.6238098
7/4/2022,9599.457609,5.21,317.3844299
7/5/2022,9607.543478,5.21,332.9927063
7/6/2022,9615.629348,5.21,329.3060608
7/7/2022,9623.715217,5.21,316.4268799
7/10/2022,9647.972826,5.21,315.5171509
7/11/2022,9656.058696,5.21,324.4703979
7/12/2022,9664.144565,5.21,321.7413025
7/13/2022,9672.230435,5.21,320.5922546
7/14/2022,9680.316304,5.21,325.9546204
7/17/2022,9704.573913,5.21,327.6782227
7/18/2022,9712.659783,5.21,332.4660645
7/19/2022,9720.745652,5.21,329.4975891
7/20/2022,9728.831522,5.21,332.2745361
7/21/2022,9736.917391,5.21,338.5944519
7/24/2022,9761.175,5.21,338.7380981
7/25/2022,9769.26087,5.21,339.887146
7/26/2022,9777.346739,5.21,340.6531982
7/27/2022,9785.432609,5.21,339.6477661
7/28/2022,9793.518478,5.21,352.479126
7/31/2022,9817.776087,5.21,353.5803223
8/1/2022,9825.861957,5.21,348.3615723
8/2/2022,9833.947826,5.21,346.063446
8/3/2022,9842.033696,5.21,350.8034058
8/4/2022,9850.119565,5.21,342.951355
8/7/2022,9874.377174,5.21,345.6803894
8/8/2022,9882.463043,5.21,344.0525513
8/9/2022,9890.548913,5.21,345.6803894
8/10/2022,9898.634783,5.21,345.0101318
8/11/2022,9906.720652,5.21,344.6749878
8/14/2022,9930.978261,5.21,347.882782
8/15/2022,9939.06413,5.21,347.3561707
8/16/2022,9947.15,5.21,349.0318909
8/17/2022,9955.23587,5.21,348.3615723
8/18/2022,9963.321739,5.21,346.7816162
8/21/2022,9987.579348,5.21,346.5422058
8/22/2022,9995.665217,5.21,339.0732422
8/23/2022,10003.75109,5.21,345.3452454
8/24/2022,10011.83696,5.21,344.2919312
8/25/2022,10019.92283,5.21,337.7805176
8/28/2022,10044.18043,5.21,332.1308899
8/29/2022,10052.2663,5.21,328.0612793
8/30/2022,10060.35217,5.21,328.6836548
8/31/2022,10068.43804,5.21,323.8479614
9/1/2022,10076.52391,5.21,330.1678772
9/4/2022,10100.78152,5.21,327.1515503
9/5/2022,10108.86739,5.21,329.0667114
9/6/2022,10116.95326,5.21,327.4867249
9/7/2022,10125.03913,5.21,327.1036987
9/8/2022,10133.125,5.21,330.6466675
9/11/2022,10157.38261,5.21,337.4453735
9/12/2022,10165.46848,5.21,333.4236145
9/13/2022,10173.55435,5.21,330.1678772
9/14/2022,10181.64022,5.21,328.204895
9/15/2022,10189.72609,5.21,324.6619263
9/18/2022,10213.9837,5.21,318.9164734
9/19/2022,10222.06957,5.21,319.8740845
9/20/2022,10230.15543,5.21,322.986145
9/21/2022,10238.2413,5.21,314.2723389
9/22/2022,10246.32717,5.21,311.9741821
9/25/2022,10270.58478,5.21,314.8468933
9/26/2022,10278.67065,5.21,311.9263
9/27/2022,10286.75652,5.21,311.3517456
9/28/2022,10294.84239,5.21,309.6281738
9/29/2022,10302.92826,5.21,316.235321
10/2/2022,10319.7663,5.226521739,312.8359985
10/3/2022,10320.43261,5.243043478,323.8479614
10/4/2022,10321.09891,5.259565217,321.3583069
10/5/2022,10321.76522,5.276086957,320.0655823
10/6/2022,10322.43152,5.292608696,314.2244568
10/9/2022,10324.43043,5.342173913,310.96875
10/10/2022,10325.09674,5.358695652,313.6020508
10/11/2022,10325.76304,5.375217391,314.655365
10/12/2022,10326.42935,5.39173913,306.7554626
10/13/2022,10327.09565,5.40826087,312.5008545
10/16/2022,10329.09457,5.457826087,314.5596008
10/17/2022,10329.76087,5.474347826,316.1395874
10/18/2022,10330.42717,5.490869565,313.6977844
10/19/2022,10331.09348,5.507391304,315.2298889
10/20/2022,10331.75978,5.523913043,296.9404297
10/23/2022,10333.7587,5.573478261,302.6858215
10/24/2022,10334.425,5.59,308.0002747
10/25/2022,10335.0913,5.606521739,306.2288208
10/26/2022,10335.75761,5.623043478,302.3506775
10/27/2022,10336.42391,5.639565217,300.9143066
10/30/2022,10338.42283,5.689130435,304.6009521
10/31/2022,10339.08913,5.705652174,304.0263977
11/1/2022,10339.75543,5.722173913,294.8816833
11/2/2022,10340.42174,5.738695652,288.226593
11/3/2022,10341.08804,5.755217391,307.7608948
11/6/2022,10343.08696,5.804782609,309.4845276
11/7/2022,10343.75326,5.821304348,313.7456665
11/8/2022,10344.41957,5.837826087,313.8892822
11/9/2022,10345.08587,5.854347826,324.1831055
11/10/2022,10345.75217,5.870869565,332.0830078
11/13/2022,10347.75109,5.920434783,331.7957458
11/14/2022,10348.41739,5.936956522,328.204895
11/15/2022,10349.0837,5.953478261,330.8860779
11/16/2022,10349.75,5.97,331.8435974
11/17/2022,10350.4163,5.986521739,333.3278503
11/20/2022,10352.41522,6.036086957,333.4714661
11/21/2022,10353.08152,6.052608696,330.1200256
11/22/2022,10353.74783,6.069130435,334.1417847
11/23/2022,10354.41413,6.085652174,336.3920593
11/24/2022,10355.08043,6.102173913,335.3865967
11/27/2022,10357.07935,6.15173913,337.732666
11/28/2022,10357.74565,6.16826087,332.7533264
11/29/2022,10358.41196,6.184782609,339.7435303
11/30/2022,10359.07826,6.201304348,343.1907654
12/1/2022,10359.74457,6.217826087,345.44104
12/4/2022,10361.74348,6.267391304,341.6586304
12/5/2022,10362.40978,6.283913043,343.7174072
12/6/2022,10363.07609,6.300434783,341.3235168
12/7/2022,10363.74239,6.316956522,339.9350281
12/8/2022,10364.4087,6.333478261,339.9350281
12/11/2022,10366.40761,6.383043478,334.8599548
12/12/2022,10367.07391,6.399565217,339.26474
12/13/2022,10367.74022,6.416086957,340.4138184
12/14/2022,10368.40652,6.432608696,324.7576599
12/15/2022,10369.07283,6.449130435,321.5019226
12/18/2022,10371.07174,6.498695652,320.8316345
12/19/2022,10371.73804,6.515217391,315.9959412
12/20/2022,10372.40435,6.53173913,325.6673279
12/21/2022,10373.07065,6.54826087,320.496521
12/22/2022,10373.73696,6.564782609,319.1080322
12/26/2022,10376.40217,6.630869565,322.4594727
12/27/2022,10377.06848,6.647391304,321.1667786
12/28/2022,10377.73478,6.663913043,324.3267517
12/29/2022,10378.40109,6.680434783,319.4431763
1/1/2023,10380.4,6.73,322.7946472
1/2/2023,10378.32556,6.73,324.0394897
1/3/2023,10376.25111,6.73,341.0362244
1/4/2023,10374.17667,6.73,339.0253296
1/5/2023,10372.10222,6.73,343.3822937
1/8/2023,10365.87889,6.73,350.324585
1/9/2023,10363.80444,6.73,348.8882751
1/10/2023,10361.73,6.73,352.0960999
1/11/2023,10359.65556,6.73,351.569397
1/12/2023,10357.58111,6.73,358.0329895
1/15/2023,10351.35778,6.73,361.4323425
1/16/2023,10349.28333,6.73,370.5770569
1/17/2023,10347.20889,6.73,367.3213501
1/18/2023,10345.13444,6.73,360.6184387
1/19/2023,10343.06,6.73,364.2571411
1/22/2023,10336.83667,6.73,366.7468262
1/23/2023,10334.76222,6.73,363.3953552
1/24/2023,10332.68778,6.73,365.0710754
1/25/2023,10330.61333,6.73,368.9492188
1/26/2023,10328.53889,6.73,362.3899231
1/29/2023,10322.31556,6.73,364.1614075
1/30/2023,10320.24111,6.73,362.0068359
1/31/2023,10318.16667,6.73,356.5966492
2/1/2023,10316.09222,6.73,361.3844299
2/2/2023,10314.01778,6.73,368.0874023
2/5/2023,10307.79444,6.73,365.741394
2/6/2023,10305.72,6.73,360.8578186
2/7/2023,10303.64556,6.73,359.4214478
2/8/2023,10301.57111,6.73,362.6771851
2/9/2023,10299.49667,6.73,359.6608276
2/12/2023,10293.27333,6.73,373.114624
2/13/2023,10291.19889,6.73,371.2952576
2/14/2023,10289.12444,6.73,373.4497375
2/15/2023,10287.05,6.73,374.9818726
2/16/2023,10284.97556,6.73,368.2789001
2/19/2023,10278.75222,6.73,364.783844
2/20/2023,10276.67778,6.73,369.4758606
2/21/2023,10274.60333,6.73,369.8588867
2/22/2023,10272.52889,6.73,368.0874023
2/23/2023,10270.45444,6.73,357.1233215
2/26/2023,10264.23111,6.73,362.1983948
2/27/2023,10262.15667,6.73,359.1820374
2/28/2023,10260.08222,6.73,356.2135925
3/1/2023,10258.00778,6.73,362.2941284
3/2/2023,10255.93333,6.73,363.7304993
3/5/2023,10249.71,6.73,362.1983948
3/6/2023,10247.63556,6.73,361.0971985
3/7/2023,10245.56111,6.73,360.2353821
3/8/2023,10243.48667,6.73,359.9002075
3/9/2023,10241.41222,6.73,357.9372253
3/12/2023,10235.18889,6.73,357.3627014
3/13/2023,10233.11444,6.73,361.5759888
3/14/2023,10231.04,6.73,355.3996887
3/15/2023,10228.96556,6.73,367.4171143
3/16/2023,10226.89111,6.73,364.1134949
3/19/2023,10220.66778,6.73,370.5292053
3/20/2023,10218.59333,6.73,369.2364807
3/21/2023,10216.51889,6.73,377.0884705
3/22/2023,10214.44444,6.73,380.6314697
3/23/2023,10212.37,6.73,381.1581116
3/26/2023,10206.14667,6.73,383.6478271
3/27/2023,10204.07222,6.73,381.2060242
3/28/2023,10201.99778,6.73,385.8023071
3/29/2023,10199.92333,6.73,388.3398743
3/30/2023,10197.84889,6.73,393.7979736
4/2/2023,10191.60549,6.718241758,397.8197327
4/3/2023,10189.51099,6.706483516,402.5118103
4/4/2023,10187.41648,6.694725275,405.7196655
4/5/2023,10185.32198,6.682967033,392.6967773
4/10/2023,10174.84945,6.624175824,399.4475708
4/11/2023,10172.75495,6.612417582,394.65979
4/12/2023,10170.66044,6.600659341,406.1026917
4/13/2023,10168.56593,6.588901099,402.7990723
4/16/2023,10162.28242,6.553626374,405.1929932
4/17/2023,10160.18791,6.541868132,406.2941589
4/18/2023,10158.09341,6.53010989,404.3790283
4/19/2023,10155.9989,6.518351648,411.3213501
4/20/2023,10153.9044,6.506593407,423.8175964
4/23/2023,10147.62088,6.471318681,418.646759
4/24/2023,10145.52637,6.45956044,414.0504456
4/25/2023,10143.43187,6.447802198,415.3128052
4/26/2023,10141.33736,6.436043956,427.1802979
4/27/2023,10139.24286,6.424285714,426.1954346
5/1/2023,10130.86484,6.377252747,424.2257385
5/2/2023,10128.77033,6.365494505,422.2067871
5/3/2023,10126.67582,6.353736264,414.8203735
5/4/2023,10124.58132,6.341978022,418.0211487
5/7/2023,10118.2978,6.306703297,421.8128357
5/8/2023,10116.2033,6.294945055,416.2976685
5/9/2023,10114.10879,6.283186813,410.8809814
5/10/2023,10112.01429,6.271428571,417.2825317
5/11/2023,10109.91978,6.25967033,414.7218933
5/14/2023,10103.63626,6.224395604,414.8203735
5/15/2023,10101.54176,6.212637363,413.195343
5/16/2023,10099.44725,6.200879121,409.2066956
5/17/2023,10097.35275,6.189120879,410.6839905
5/18/2023,10095.25824,6.177362637,415.214325
5/21/2023,10088.97473,6.142087912,412.4074707
5/22/2023,10086.88022,6.13032967,406.350647
5/23/2023,10084.78571,6.118571429,397.8808899
5/24/2023,10082.69121,6.106813187,400.4907532
5/25/2023,10080.5967,6.095054945,404.7748718
5/28/2023,10074.31319,6.05978022,401.9680176
5/29/2023,10072.21868,6.048021978,398.0778809
5/30/2023,10070.12418,6.036263736,392.9566345
5/31/2023,10068.02967,6.024505495,394.0892029
6/1/2023,10065.93516,6.012747253,401.6233215
6/4/2023,10059.65165,5.977472527,398.914978
6/5/2023,10057.55714,5.965714286,397.289978
6/6/2023,10055.46264,5.953956044,394.3846741
6/7/2023,10053.36813,5.942197802,396.2558899
6/8/2023,10051.27363,5.93043956,396.1081543
6/11/2023,10044.99011,5.895164835,398.2748108
6/12/2023,10042.8956,5.883406593,400.1953125
6/13/2023,10040.8011,5.871648352,405.9566956
6/14/2023,10038.70659,5.85989011,403.5930176
6/15/2023,10036.61209,5.848131868,408.6650391
6/18/2023,10030.32857,5.812857143,406.2029114
6/19/2023,10028.23407,5.801098901,406.6460876
6/20/2023,10026.13956,5.789340659,401.8695374
6/21/2023,10024.04505,5.777582418,400.1460266
6/22/2023,10021.95055,5.765824176,400.2445374
6/25/2023,10015.66703,5.730549451,397.831665
6/26/2023,10013.57253,5.718791209,401.081665
6/27/2023,10011.47802,5.707032967,408.2218628
6/28/2023,10009.38352,5.695274725,413.3431091
6/29/2023,10007.28901,5.683516484,420.631012
7/2/2023,10009.64565,5.66,417.1347656
7/3/2023,10016.1913,5.66,417.5779724
7/4/2023,10022.73696,5.66,415.4112854
7/5/2023,10029.28261,5.66,401.9187927
7/6/2023,10035.82826,5.66,396.5513306
7/9/2023,10055.46522,5.66,399.8013611
7/10/2023,10062.01087,5.66,402.8544006
7/11/2023,10068.55652,5.66,407.975647
7/12/2023,10075.10217,5.66,411.767334
7/13/2023,10081.64783,5.66,415.214325
7/16/2023,10101.28478,5.66,407.6802063
7/17/2023,10107.83043,5.66,402.1650085
7/18/2023,10114.37609,5.66,400.1460266
7/19/2023,10120.92174,5.66,394.9263306
7/20/2023,10127.46739,5.66,404.9225769
7/23/2023,10147.10435,5.66,401.4263611
7/24/2023,10153.65,5.66,403.7407837
7/25/2023,10160.19565,5.66,400.8846741
7/26/2023,10166.7413,5.66,406.3998718
7/27/2023,10173.28696,5.66,414.4756775
7/30/2023,10192.92391,5.66,416.7901001
7/31/2023,10199.46957,5.66,409.7483521
8/1/2023,10206.01522,5.66,407.6802063
8/2/2023,10212.56087,5.66,405.9074402
8/3/2023,10219.10652,5.66,405.6119995
8/6/2023,10238.74348,5.66,402.2142334
8/7/2023,10245.28913,5.66,399.1611938
8/8/2023,10251.83478,5.66,400.6384583
8/9/2023,10258.38043,5.66,412.7521973
8/10/2023,10264.92609,5.66,406.0551758
8/13/2023,10284.56304,5.66,409.2066956
8/14/2023,10291.1087,5.66,402.3127441
8/15/2023,10297.65435,5.66,401.5740967
8/16/2023,10304.2,5.66,396.5513306
8/17/2023,10310.74565,5.66,392.1687622
8/20/2023,10330.38261,5.66,391.9717712
8/21/2023,10336.92826,5.66,390.2975159
8/22/2023,10343.47391,5.66,395.2217712
8/23/2023,10350.01957,5.66,394.2861938
8/24/2023,10356.56522,5.66,395.3695374
8/27/2023,10376.20217,5.66,399.0627136
8/28/2023,10382.74783,5.66,402.9528809
8/29/2023,10389.29348,5.66,403.8884888
8/30/2023,10395.83913,5.66,399.6536255
8/31/2023,10402.38478,5.66,399.0627136
9/3/2023,10422.02174,5.66,399.6043701
9/4/2023,10428.56739,5.66,397.7331543
9/5/2023,10435.11304,5.66,392.1687622
9/6/2023,10441.6587,5.66,392.3656921
9/7/2023,10448.20435,5.66,398.1271057
9/10/2023,10467.8413,5.66,400.9831848
9/11/2023,10474.38696,5.66,395.2217712
9/12/2023,10480.93261,5.66,391.4793396
9/13/2023,10487.47826,5.66,395.9111938
9/14/2023,10494.02391,5.66,403.7900085
9/17/2023,10513.66087,5.66,398.2748108
9/18/2023,10520.20652,5.66,394.2861938
9/19/2023,10526.75217,5.66,403.7900085
9/20/2023,10533.29783,5.66,393.6460266
9/21/2023,10539.84348,5.66,392.3164673
9/24/2023,10559.48043,5.66,385.5702209
9/25/2023,10566.02609,5.66,381.6800232
9/26/2023,10572.57174,5.66,380.842926
9/27/2023,10579.11739,5.66,384.3883667
9/28/2023,10585.66304,5.66,387.2444763
10/1/2023,10605.3,5.66,387.736908
10/2/2023,10612.25326,5.674347826,385.914917
10/3/2023,10619.20652,5.688695652,386.1118774
10/4/2023,10626.15978,5.703043478,385.4224854
10/5/2023,10633.11304,5.717391304,388.2293396
10/8/2023,10653.97283,5.760434783,381.1875916
10/9/2023,10660.92609,5.774782609,391.7255554
10/10/2023,10667.87935,5.789130435,390.789917
10/11/2023,10674.83261,5.803478261,387.2444763
10/12/2023,10681.78587,5.817826087,378.8239746
10/15/2023,10702.64565,5.860869565,380.8921509
10/16/2023,10709.59891,5.875217391,381.5323181
10/17/2023,10716.55217,5.889565217,377.2974548
10/18/2023,10723.50543,5.903913043,380.3504944
10/19/2023,10730.4587,5.91826087,374.4906006
10/22/2023,10751.31848,5.961304348,380.9906616
10/23/2023,10758.27174,5.975652174,388.1308289
10/24/2023,10765.225,5.99,393.153595
10/25/2023,10772.17826,6.004347826,387.1952209
10/26/2023,10779.13152,6.018695652,384.6345825
10/29/2023,10799.9913,6.06173913,386.1118774
10/30/2023,10806.94457,6.076086957,390.1497803
10/31/2023,10813.89783,6.090434783,390.986908
11/1/2023,10820.85109,6.104782609,397.1422424
11/2/2023,10827.80435,6.119130435,397.5854492
11/5/2023,10848.66413,6.162173913,397.0437622
11/6/2023,10855.61739,6.176521739,399.3089294
11/7/2023,10862.57065,6.190869565,409.1574707
11/8/2023,10869.52391,6.205217391,412.6536865
11/9/2023,10876.47717,6.219565217,407.975647
11/12/2023,10897.33696,6.262608696,408.3695679
11/13/2023,10904.29022,6.276956522,418.1688843
11/14/2023,10911.24348,6.291304348,417.4794617
11/15/2023,10918.19674,6.305652174,414.6234131
11/16/2023,10925.15,6.32,417.528717
11/19/2023,10946.00978,6.363043478,415.36203
11/20/2023,10952.96304,6.377391304,419.2029724
11/21/2023,10959.9163,6.39173913,423.1423645
11/22/2023,10966.86957,6.406086957,422.7484436
11/23/2023,10973.82283,6.420434783,424.9151306
11/26/2023,10994.68261,6.463478261,426.3924255
11/27/2023,11001.63587,6.477826087,424.1764832
11/28/2023,11008.58913,6.492173913,425.309082
11/29/2023,11015.54239,6.506521739,424.5211792
11/30/2023,11022.49565,6.520869565,429.5439148
12/3/2023,11043.35543,6.563913043,430.2825623
12/4/2023,11050.3087,6.57826087,433.0894165
12/5/2023,11057.26196,6.592608696,434.7144165
12/6/2023,11064.21522,6.606956522,432.1045532
12/7/2023,11071.16848,6.621304348,435.2561035
12/10/2023,11092.02826,6.664347826,437.1273193
12/11/2023,11098.98152,6.678695652,437.964447
12/12/2023,11105.93478,6.693043478,438.7030945
12/13/2023,11112.88804,6.707391304,436.8318481
12/14/2023,11119.8413,6.72173913,439.7864075
12/17/2023,11140.70109,6.764782609,440.6727905
12/18/2023,11147.65435,6.779130435,443.9227905
12/19/2023,11154.60761,6.793478261,442.4455261
12/20/2023,11161.56087,6.807826087,441.411438
12/21/2023,11168.51413,6.822173913,440.7712402
12/26/2023,11203.28043,6.893913043,441.9038696
12/27/2023,11210.2337,6.90826087,444.464447
12/28/2023,11217.18696,6.922608696,443.8243103
1/1/2024,11245,6.98,437.078064
1/2/2024,11240.94286,6.98,432.1537781
1/3/2024,11236.88571,6.98,430.725769
1/4/2024,11232.82857,6.98,427.672699
1/7/2024,11220.65714,6.98,431.8091125
1/8/2024,11216.6,6.98,433.8280334
1/9/2024,11212.54286,6.98,433.3356323
1/10/2024,11208.48571,6.98,434.8128967
1/11/2024,11204.42857,6.98,438.6538391
1/14/2024,11192.25714,6.98,417.7749329
1/15/2024,11188.2,6.98,418.3658447
1/16/2024,11184.14286,6.98,415.7067566
1/17/2024,11180.08571,6.98,419.7446594
1/18/2024,11176.02857,6.98,419.7446594
1/21/2024,11163.85714,6.98,418.3165894
1/22/2024,11159.8,6.98,420.0401001
1/23/2024,11155.74286,6.98,422.5022278
1/24/2024,11151.68571,6.98,425.8507385
1/25/2024,11147.62857,6.98,438.3583679
1/28/2024,11135.45714,6.98,437.9151917
1/29/2024,11131.4,6.98,439.5401917
1/30/2024,11127.34286,6.98,437.964447
1/31/2024,11123.28571,6.98,442.5440063
2/1/2024,11119.22857,6.98,440.869751
2/4/2024,11107.05714,6.98,448.8470764
2/5/2024,11103,6.98,447.0743408
2/6/2024,11098.94286,6.98,445.3508606
2/7/2024,11094.88571,6.98,446.286438
2/8/2024,11090.82857,6.98,412.4567261
2/11/2024,11078.65714,6.98,422.1575317
2/12/2024,11074.6,6.98,421.5173645
2/13/2024,11070.54286,6.98,424.767395
2/14/2024,11066.48571,6.98,431.1196899
2/15/2024,11062.42857,6.98,435.6992493
2/18/2024,11050.25714,6.98,434.6159058
2/19/2024,11046.2,6.98,436.8811035
2/20/2024,11042.14286,6.98,437.8166809
2/21/2024,11038.08571,6.98,444.3167419
2/22/2024,11034.02857,6.98,443.381134
2/25/2024,11021.85714,6.98,443.8243103
2/26/2024,11017.8,6.98,444.5137024
2/27/2024,11013.74286,6.98,439.7864075
2/28/2024,11009.68571,6.98,435.0098877
2/29/2024,11005.62857,6.98,435.2561035
3/3/2024,10993.45714,6.98,436.8811035
3/4/2024,10989.4,6.98,431.7106323
3/5/2024,10985.34286,6.98,431.5136414
3/6/2024,10981.28571,6.98,438.6045837
3/7/2024,10977.22857,6.98,442.1993103
3/10/2024,10965.05714,6.98,441.4606628
3/11/2024,10961,6.98,443.7750854
3/12/2024,10956.94286,6.98,447.3205566
3/13/2024,10952.88571,6.98,444.4152222
3/14/2024,10948.82857,6.98,439.3924561
3/17/2024,10936.65714,6.98,434.8621216
3/18/2024,10932.6,6.98,434.5174561
3/19/2024,10928.54286,6.98,430.1348572
3/20/2024,10924.48571,6.98,428.3621216
3/21/2024,10920.42857,6.98,426.0969543
3/24/2024,10908.25714,6.98,428.8545532
3/25/2024,10904.2,6.98,427.3772583
3/26/2024,10900.14286,6.98,432.350769
3/27/2024,10896.08571,6.98,432.006073
4/1/2024,10875.8,6.98,424.422699
4/2/2024,10869.30659,6.98,414.9681091
4/3/2024,10862.81319,6.98,414.0817566
4/4/2024,10856.31978,6.98,406.4491272
4/7/2024,10836.83956,6.98,404.9718323
4/8/2024,10830.34615,6.98,409.2066956
4/9/2024,10823.85275,6.98,408.7142944
4/10/2024,10817.35934,6.98,412.5059814
4/11/2024,10810.86593,6.98,408.2218628
4/14/2024,10791.38571,6.98,409.1574707
4/15/2024,10784.89231,6.98,408.8127747
4/16/2024,10778.3989,6.98,411.9150391
4/17/2024,10771.90549,6.98,417.184021
4/18/2024,10765.41209,6.98,438.2106628
4/21/2024,10745.93187,6.98,434.3204651
4/22/2024,10739.43846,6.98,434.0250244
4/23/2024,10732.94505,6.98,433.5818481
4/24/2024,10726.45165,6.98,429.1499939
4/25/2024,10719.95824,6.98,435.6499939
4/28/2024,10700.47802,6.98,436.5
4/29/2024,10693.98462,6.98,439.6499939
5/1/2024,10680.9978,6.98,436.7000122
5/2/2024,10674.5044,6.98,440.8999939
5/5/2024,10655.02418,6.98,443
5/6/2024,10648.53077,6.98,444.8999939
5/7/2024,10642.03736,6.98,447.0499878
5/8/2024,10635.54396,6.98,453.8500061
5/9/2024,10629.05055,6.98,453.4500122
5/12/2024,10609.57033,6.98,455.5499878
5/13/2024,10603.07692,6.98,456.8999939
5/14/2024,10596.58352,6.98,456.7999878
5/15/2024,10590.09011,6.98,453.5
5/16/2024,10583.5967,6.98,447.6000061
5/19/2024,10564.11648,6.98,448.8999939
5/20/2024,10557.62308,6.98,447.5499878
5/21/2024,10551.12967,6.98,453.3999939
5/22/2024,10544.63626,6.98,450.9500122
5/23/2024,10538.14286,6.98,447.3500061
5/26/2024,10518.66264,6.98,449.3500061
5/27/2024,10512.16923,6.98,445.6499939
5/28/2024,10505.67582,6.98,440.2999878
5/29/2024,10499.18242,6.98,444.7000122
5/30/2024,10492.68901,6.98,452.1000061
6/2/2024,10473.20879,6.98,449.25
6/3/2024,10466.71538,6.98,452.1000061
6/4/2024,10460.22198,6.98,455.6000061
6/5/2024,10453.72857,6.98,456.1499939
6/6/2024,10447.23516,6.98,455.3500061
6/9/2024,10427.75495,6.98,452.5499878
6/10/2024,10421.26154,6.98,451.3999939
6/11/2024,10414.76813,6.98,455.3500061
6/12/2024,10408.27473,6.98,450.8999939
6/13/2024,10401.78132,6.98,440.4500122
6/16/2024,10382.3011,6.98,446.8999939
6/17/2024,10375.80769,6.98,441.5499878
6/18/2024,10369.31429,6.98,436.6499939
6/19/2024,10362.82088,6.98,442.6499939
6/20/2024,10356.32747,6.98,440.6499939
6/23/2024,10336.84725,6.98,442.1000061
6/24/2024,10330.35385,6.98,436.5
6/25/2024,10323.86044,6.98,437.6000061
6/26/2024,10317.36703,6.98,422.8500061
6/27/2024,10310.87363,6.98,410.0499878
6/30/2024,10291.39341,6.98,412.25
7/1/2024,10284.9,6.98,405.6499939
