Date,Total_Sales_EUR_Million,EPS
2019-10-01,7879.3,3.36
2019-10-02,7872.190217391305,3.3649999999999998
2019-10-03,7865.080434782609,3.3699999999999997
2019-10-04,7857.970652173914,3.375
2019-10-05,7850.860869565217,3.38
2019-10-06,7843.751086956522,3.385
2019-10-07,7836.641304347826,3.3899999999999997
2019-10-08,7829.531521739131,3.395
2019-10-09,7822.421739130435,3.4
2019-10-10,7815.311956521739,3.405
2019-10-11,7808.202173913043,3.4099999999999997
2019-10-12,7801.092391304348,3.415
2019-10-13,7793.982608695653,3.42
2019-10-14,7786.872826086957,3.425
2019-10-15,7779.763043478261,3.4299999999999997
2019-10-16,7772.653260869565,3.435
2019-10-17,7765.54347826087,3.44
2019-10-18,7758.433695652174,3.445
2019-10-19,7751.323913043479,3.4499999999999997
2019-10-20,7744.214130434782,3.455
2019-10-21,7737.104347826087,3.46
2019-10-22,7729.994565217391,3.465
2019-10-23,7722.884782608696,3.4699999999999998
2019-10-24,7715.775,3.4749999999999996
2019-10-25,7708.665217391304,3.48
2019-10-26,7701.555434782609,3.485
2019-10-27,7694.445652173913,3.4899999999999998
2019-10-28,7687.335869565218,3.4949999999999997
2019-10-29,7680.226086956522,3.5
2019-10-30,7673.116304347826,3.505
2019-10-31,7666.00652173913,3.51
2019-11-01,7658.896739130435,3.5149999999999997
2019-11-02,7651.786956521739,3.52
2019-11-03,7644.677173913044,3.525
2019-11-04,7637.567391304348,3.53
2019-11-05,7630.457608695652,3.5349999999999997
2019-11-06,7623.347826086957,3.54
2019-11-07,7616.238043478261,3.545
2019-11-08,7609.128260869566,3.55
2019-11-09,7602.018478260869,3.5549999999999997
2019-11-10,7594.908695652174,3.5599999999999996
2019-11-11,7587.798913043478,3.565
2019-11-12,7580.689130434783,3.57
2019-11-13,7573.579347826087,3.5749999999999997
2019-11-14,7566.469565217391,3.58
2019-11-15,7559.359782608695,3.585
2019-11-16,7552.25,3.59
2019-11-17,7545.140217391305,3.5949999999999998
2019-11-18,7538.030434782609,3.5999999999999996
2019-11-19,7530.920652173913,3.605
2019-11-20,7523.810869565217,3.61
2019-11-21,7516.701086956522,3.6149999999999998
2019-11-22,7509.591304347826,3.6199999999999997
2019-11-23,7502.481521739131,3.625
2019-11-24,7495.371739130434,3.63
2019-11-25,7488.261956521739,3.635
2019-11-26,7481.152173913043,3.6399999999999997
2019-11-27,7474.042391304348,3.645
2019-11-28,7466.932608695653,3.65
2019-11-29,7459.822826086956,3.655
2019-11-30,7452.713043478261,3.6599999999999997
2019-12-01,7445.603260869565,3.665
2019-12-02,7438.49347826087,3.67
2019-12-03,7431.383695652174,3.675
2019-12-04,7424.273913043478,3.6799999999999997
2019-12-05,7417.164130434782,3.6849999999999996
2019-12-06,7410.054347826087,3.69
2019-12-07,7402.944565217391,3.695
2019-12-08,7395.834782608696,3.6999999999999997
2019-12-09,7388.725,3.705
2019-12-10,7381.615217391304,3.71
2019-12-11,7374.505434782609,3.715
2019-12-12,7367.395652173913,3.7199999999999998
2019-12-13,7360.285869565218,3.7249999999999996
2019-12-14,7353.176086956521,3.73
2019-12-15,7346.066304347826,3.735
2019-12-16,7338.95652173913,3.7399999999999998
2019-12-17,7331.846739130435,3.7449999999999997
2019-12-18,7324.736956521739,3.75
2019-12-19,7317.627173913043,3.755
2019-12-20,7310.517391304347,3.76
2019-12-21,7303.407608695652,3.7649999999999997
2019-12-22,7296.297826086957,3.7699999999999996
2019-12-23,7289.188043478261,3.775
2019-12-24,7282.078260869565,3.78
2019-12-25,7274.968478260869,3.7849999999999997
2019-12-26,7267.858695652174,3.79
2019-12-27,7260.748913043478,3.795
2019-12-28,7253.639130434783,3.8
2019-12-29,7246.529347826086,3.8049999999999997
2019-12-30,7239.419565217391,3.8099999999999996
2019-12-31,7232.309782608696,3.815
2020-01-01,7225.2,3.82
2020-01-02,7210.102197802197,3.82
2020-01-03,7195.0043956043955,3.82
2020-01-04,7179.906593406593,3.82
2020-01-05,7164.808791208791,3.82
2020-01-06,7149.710989010989,3.82
2020-01-07,7134.613186813187,3.82
2020-01-08,7119.515384615384,3.82
2020-01-09,7104.417582417583,3.82
2020-01-10,7089.31978021978,3.82
2020-01-11,7074.2219780219775,3.82
2020-01-12,7059.124175824176,3.82
2020-01-13,7044.026373626373,3.82
2020-01-14,7028.928571428572,3.82
2020-01-15,7013.830769230769,3.82
2020-01-16,6998.732967032967,3.82
2020-01-17,6983.635164835165,3.82
2020-01-18,6968.537362637362,3.82
2020-01-19,6953.43956043956,3.82
2020-01-20,6938.341758241758,3.82
2020-01-21,6923.243956043956,3.82
2020-01-22,6908.1461538461535,3.82
2020-01-23,6893.048351648352,3.82
2020-01-24,6877.950549450549,3.82
2020-01-25,6862.852747252748,3.82
2020-01-26,6847.754945054945,3.82
2020-01-27,6832.657142857142,3.82
2020-01-28,6817.559340659341,3.82
2020-01-29,6802.461538461538,3.82
2020-01-30,6787.363736263736,3.82
2020-01-31,6772.265934065934,3.82
2020-02-01,6757.168131868132,3.82
2020-02-02,6742.07032967033,3.82
2020-02-03,6726.972527472528,3.82
2020-02-04,6711.874725274725,3.82
2020-02-05,6696.776923076923,3.82
2020-02-06,6681.679120879121,3.82
2020-02-07,6666.581318681318,3.82
2020-02-08,6651.483516483517,3.82
2020-02-09,6636.385714285714,3.82
2020-02-10,6621.287912087912,3.82
2020-02-11,6606.19010989011,3.82
2020-02-12,6591.092307692308,3.82
2020-02-13,6575.994505494506,3.82
2020-02-14,6560.896703296703,3.82
2020-02-15,6545.798901098901,3.82
2020-02-16,6530.701098901099,3.82
2020-02-17,6515.603296703297,3.82
2020-02-18,6500.505494505494,3.82
2020-02-19,6485.407692307692,3.82
2020-02-20,6470.30989010989,3.82
2020-02-21,6455.212087912088,3.82
2020-02-22,6440.114285714286,3.82
2020-02-23,6425.016483516483,3.82
2020-02-24,6409.918681318682,3.82
2020-02-25,6394.820879120879,3.82
2020-02-26,6379.723076923077,3.82
2020-02-27,6364.625274725275,3.82
2020-02-28,6349.527472527472,3.82
2020-02-29,6334.42967032967,3.82
2020-03-01,6319.331868131868,3.82
2020-03-02,6304.234065934066,3.82
2020-03-03,6289.136263736264,3.82
2020-03-04,6274.038461538462,3.82
2020-03-05,6258.940659340659,3.82
2020-03-06,6243.842857142858,3.82
2020-03-07,6228.745054945055,3.82
2020-03-08,6213.647252747252,3.82
2020-03-09,6198.549450549451,3.82
2020-03-10,6183.451648351648,3.82
2020-03-11,6168.3538461538465,3.82
2020-03-12,6153.256043956044,3.82
2020-03-13,6138.158241758242,3.82
2020-03-14,6123.06043956044,3.82
2020-03-15,6107.962637362638,3.82
2020-03-16,6092.864835164835,3.82
2020-03-17,6077.767032967033,3.82
2020-03-18,6062.669230769231,3.82
2020-03-19,6047.571428571428,3.82
2020-03-20,6032.473626373627,3.82
2020-03-21,6017.375824175824,3.82
2020-03-22,6002.278021978022,3.82
2020-03-23,5987.18021978022,3.82
2020-03-24,5972.082417582418,3.82
2020-03-25,5956.984615384616,3.82
2020-03-26,5941.886813186813,3.82
2020-03-27,5926.789010989011,3.82
2020-03-28,5911.691208791209,3.82
2020-03-29,5896.593406593407,3.82
2020-03-30,5881.4956043956045,3.82
2020-03-31,5866.397802197802,3.82
2020-04-01,5851.3,3.82
2020-04-02,5864.327472527472,3.816263736263736
2020-04-03,5877.354945054945,3.8125274725274725
2020-04-04,5890.3824175824175,3.8087912087912086
2020-04-05,5903.4098901098905,3.8050549450549447
2020-04-06,5916.437362637363,3.8013186813186812
2020-04-07,5929.464835164836,3.7975824175824173
2020-04-08,5942.492307692308,3.793846153846154
2020-04-09,5955.519780219781,3.79010989010989
2020-04-10,5968.547252747253,3.786373626373626
2020-04-11,5981.574725274725,3.7826373626373626
2020-04-12,5994.602197802198,3.7789010989010987
2020-04-13,6007.62967032967,3.775164835164835
2020-04-14,6020.657142857143,3.7714285714285714
2020-04-15,6033.684615384615,3.7676923076923075
2020-04-16,6046.7120879120885,3.763956043956044
2020-04-17,6059.739560439561,3.76021978021978
2020-04-18,6072.767032967033,3.756483516483516
2020-04-19,6085.794505494506,3.7527472527472527
2020-04-20,6098.821978021978,3.749010989010989
2020-04-21,6111.849450549451,3.745274725274725
2020-04-22,6124.876923076923,3.7415384615384615
2020-04-23,6137.904395604396,3.7378021978021976
2020-04-24,6150.931868131868,3.734065934065934
2020-04-25,6163.959340659341,3.73032967032967
2020-04-26,6176.986813186813,3.7265934065934063
2020-04-27,6190.0142857142855,3.722857142857143
2020-04-28,6203.0417582417585,3.719120879120879
2020-04-29,6216.069230769231,3.715384615384615
2020-04-30,6229.096703296704,3.7116483516483516
2020-05-01,6242.124175824176,3.7079120879120877
2020-05-02,6255.151648351649,3.7041758241758242
2020-05-03,6268.179120879121,3.7004395604395603
2020-05-04,6281.206593406594,3.6967032967032964
2020-05-05,6294.234065934066,3.692967032967033
2020-05-06,6307.261538461538,3.689230769230769
2020-05-07,6320.289010989011,3.685494505494505
2020-05-08,6333.3164835164835,3.6817582417582417
2020-05-09,6346.3439560439565,3.678021978021978
2020-05-10,6359.371428571429,3.6742857142857144
2020-05-11,6372.398901098902,3.6705494505494505
2020-05-12,6385.426373626374,3.6668131868131866
2020-05-13,6398.453846153847,3.663076923076923
2020-05-14,6411.481318681319,3.659340659340659
2020-05-15,6424.508791208791,3.6556043956043953
2020-05-16,6437.536263736264,3.651868131868132
2020-05-17,6450.563736263736,3.648131868131868
2020-05-18,6463.591208791209,3.6443956043956045
2020-05-19,6476.618681318681,3.6406593406593406
2020-05-20,6489.6461538461535,3.6369230769230767
2020-05-21,6502.673626373627,3.6331868131868132
2020-05-22,6515.701098901099,3.6294505494505493
2020-05-23,6528.728571428572,3.6257142857142854
2020-05-24,6541.756043956044,3.621978021978022
2020-05-25,6554.783516483517,3.618241758241758
2020-05-26,6567.810989010989,3.6145054945054946
2020-05-27,6580.838461538462,3.6107692307692307
2020-05-28,6593.865934065934,3.607032967032967
2020-05-29,6606.893406593406,3.6032967032967034
2020-05-30,6619.920879120879,3.5995604395604395
2020-05-31,6632.9483516483515,3.5958241758241756
2020-06-01,6645.9758241758245,3.592087912087912
2020-06-02,6659.003296703297,3.588351648351648
2020-06-03,6672.03076923077,3.5846153846153848
2020-06-04,6685.058241758242,3.580879120879121
2020-06-05,6698.085714285715,3.577142857142857
2020-06-06,6711.113186813187,3.5734065934065935
2020-06-07,6724.140659340659,3.5696703296703296
2020-06-08,6737.168131868132,3.5659340659340657
2020-06-09,6750.195604395604,3.5621978021978022
2020-06-10,6763.223076923077,3.5584615384615383
2020-06-11,6776.250549450549,3.554725274725275
2020-06-12,6789.2780219780225,3.550989010989011
2020-06-13,6802.305494505495,3.547252747252747
2020-06-14,6815.332967032968,3.5435164835164836
2020-06-15,6828.36043956044,3.5397802197802197
2020-06-16,6841.387912087912,3.536043956043956
2020-06-17,6854.415384615385,3.5323076923076924
2020-06-18,6867.442857142857,3.5285714285714285
2020-06-19,6880.47032967033,3.5248351648351646
2020-06-20,6893.497802197802,3.521098901098901
2020-06-21,6906.525274725274,3.517362637362637
2020-06-22,6919.552747252747,3.5136263736263738
2020-06-23,6932.58021978022,3.50989010989011
2020-06-24,6945.607692307693,3.506153846153846
2020-06-25,6958.635164835165,3.5024175824175825
2020-06-26,6971.662637362638,3.4986813186813186
2020-06-27,6984.69010989011,3.494945054945055
2020-06-28,6997.717582417583,3.4912087912087912
2020-06-29,7010.745054945055,3.4874725274725273
2020-06-30,7023.772527472527,3.483736263736264
2020-07-01,7036.8,3.48
2020-07-02,7045.952173913043,3.48
2020-07-03,7055.104347826087,3.48
2020-07-04,7064.25652173913,3.48
2020-07-05,7073.408695652174,3.48
2020-07-06,7082.560869565217,3.48
2020-07-07,7091.713043478261,3.48
2020-07-08,7100.865217391304,3.48
2020-07-09,7110.017391304348,3.48
2020-07-10,7119.169565217391,3.48
2020-07-11,7128.321739130435,3.48
2020-07-12,7137.473913043478,3.48
2020-07-13,7146.626086956522,3.48
2020-07-14,7155.778260869565,3.48
2020-07-15,7164.930434782609,3.48
2020-07-16,7174.082608695652,3.48
2020-07-17,7183.234782608696,3.48
2020-07-18,7192.386956521739,3.48
2020-07-19,7201.539130434783,3.48
2020-07-20,7210.691304347826,3.48
2020-07-21,7219.84347826087,3.48
2020-07-22,7228.995652173913,3.48
2020-07-23,7238.147826086957,3.48
2020-07-24,7247.3,3.48
2020-07-25,7256.452173913043,3.48
2020-07-26,7265.604347826087,3.48
2020-07-27,7274.75652173913,3.48
2020-07-28,7283.908695652174,3.48
2020-07-29,7293.060869565217,3.48
2020-07-30,7302.213043478261,3.48
2020-07-31,7311.365217391304,3.48
2020-08-01,7320.517391304348,3.48
2020-08-02,7329.669565217391,3.48
2020-08-03,7338.821739130435,3.48
2020-08-04,7347.973913043478,3.48
2020-08-05,7357.126086956522,3.48
2020-08-06,7366.278260869565,3.48
2020-08-07,7375.430434782609,3.48
2020-08-08,7384.582608695652,3.48
2020-08-09,7393.734782608696,3.48
2020-08-10,7402.886956521739,3.48
2020-08-11,7412.039130434783,3.48
2020-08-12,7421.191304347826,3.48
2020-08-13,7430.34347826087,3.48
2020-08-14,7439.495652173913,3.48
2020-08-15,7448.647826086957,3.48
2020-08-16,7457.8,3.48
2020-08-17,7466.952173913043,3.48
2020-08-18,7476.104347826087,3.48
2020-08-19,7485.25652173913,3.48
2020-08-20,7494.408695652174,3.48
2020-08-21,7503.560869565217,3.48
2020-08-22,7512.713043478261,3.48
2020-08-23,7521.865217391304,3.48
2020-08-24,7531.017391304348,3.48
2020-08-25,7540.169565217391,3.48
2020-08-26,7549.321739130435,3.48
2020-08-27,7558.473913043478,3.48
2020-08-28,7567.626086956522,3.48
2020-08-29,7576.778260869565,3.48
2020-08-30,7585.930434782609,3.48
2020-08-31,7595.082608695652,3.48
2020-09-01,7604.234782608696,3.48
2020-09-02,7613.386956521739,3.48
2020-09-03,7622.539130434783,3.48
2020-09-04,7631.691304347826,3.48
2020-09-05,7640.84347826087,3.48
2020-09-06,7649.995652173913,3.48
2020-09-07,7659.147826086957,3.48
2020-09-08,7668.3,3.48
2020-09-09,7677.452173913043,3.48
2020-09-10,7686.604347826087,3.48
2020-09-11,7695.756521739131,3.48
2020-09-12,7704.908695652174,3.48
2020-09-13,7714.060869565217,3.48
2020-09-14,7723.213043478261,3.48
2020-09-15,7732.365217391304,3.48
2020-09-16,7741.517391304348,3.48
2020-09-17,7750.669565217391,3.48
2020-09-18,7759.821739130435,3.48
2020-09-19,7768.973913043478,3.48
2020-09-20,7778.126086956522,3.48
2020-09-21,7787.278260869565,3.48
2020-09-22,7796.430434782609,3.48
2020-09-23,7805.582608695652,3.48
2020-09-24,7814.734782608696,3.48
2020-09-25,7823.886956521739,3.48
2020-09-26,7833.039130434783,3.48
2020-09-27,7842.191304347826,3.48
2020-09-28,7851.34347826087,3.48
2020-09-29,7860.495652173913,3.48
2020-09-30,7869.647826086957,3.48
2020-10-01,7878.8,3.48
2020-10-02,7875.927173913044,3.4925
2020-10-03,7873.054347826087,3.505
2020-10-04,7870.18152173913,3.5175
2020-10-05,7867.308695652174,3.53
2020-10-06,7864.435869565217,3.5425
2020-10-07,7861.563043478261,3.555
2020-10-08,7858.690217391305,3.5675
2020-10-09,7855.817391304348,3.58
2020-10-10,7852.944565217392,3.5925
2020-10-11,7850.071739130435,3.605
2020-10-12,7847.198913043479,3.6175
2020-10-13,7844.326086956522,3.63
2020-10-14,7841.453260869565,3.6425
2020-10-15,7838.580434782609,3.655
2020-10-16,7835.707608695652,3.6675
2020-10-17,7832.834782608696,3.68
2020-10-18,7829.961956521739,3.6925
2020-10-19,7827.089130434782,3.705
2020-10-20,7824.216304347826,3.7175
2020-10-21,7821.34347826087,3.73
2020-10-22,7818.470652173914,3.7424999999999997
2020-10-23,7815.597826086957,3.755
2020-10-24,7812.725,3.7675
2020-10-25,7809.852173913044,3.78
2020-10-26,7806.979347826087,3.7925
2020-10-27,7804.106521739131,3.8049999999999997
2020-10-28,7801.233695652174,3.8175
2020-10-29,7798.360869565217,3.83
2020-10-30,7795.488043478261,3.8425
2020-10-31,7792.615217391304,3.855
2020-11-01,7789.742391304348,3.8674999999999997
2020-11-02,7786.869565217391,3.88
2020-11-03,7783.996739130435,3.8925
2020-11-04,7781.123913043479,3.905
2020-11-05,7778.251086956522,3.9175
2020-11-06,7775.378260869566,3.9299999999999997
2020-11-07,7772.505434782609,3.9425
2020-11-08,7769.632608695652,3.955
2020-11-09,7766.759782608696,3.9675
2020-11-10,7763.886956521739,3.98
2020-11-11,7761.014130434783,3.9924999999999997
2020-11-12,7758.141304347826,4.005
2020-11-13,7755.268478260869,4.0175
2020-11-14,7752.395652173913,4.03
2020-11-15,7749.522826086956,4.0425
2020-11-16,7746.65,4.055
2020-11-17,7743.777173913044,4.0675
2020-11-18,7740.904347826087,4.08
2020-11-19,7738.031521739131,4.0925
2020-11-20,7735.158695652174,4.105
2020-11-21,7732.285869565218,4.1175
2020-11-22,7729.413043478261,4.13
2020-11-23,7726.540217391304,4.1425
2020-11-24,7723.667391304348,4.155
2020-11-25,7720.794565217391,4.1674999999999995
2020-11-26,7717.921739130435,4.18
2020-11-27,7715.048913043478,4.1925
2020-11-28,7712.176086956521,4.205
2020-11-29,7709.303260869565,4.2175
2020-11-30,7706.430434782609,4.2299999999999995
2020-12-01,7703.557608695653,4.2425
2020-12-02,7700.684782608696,4.255
2020-12-03,7697.811956521739,4.2675
2020-12-04,7694.939130434783,4.28
2020-12-05,7692.066304347826,4.2924999999999995
2020-12-06,7689.19347826087,4.305
2020-12-07,7686.320652173913,4.3175
2020-12-08,7683.447826086956,4.33
2020-12-09,7680.575,4.3425
2020-12-10,7677.702173913043,4.3549999999999995
2020-12-11,7674.829347826087,4.3675
2020-12-12,7671.95652173913,4.38
2020-12-13,7669.083695652174,4.3925
2020-12-14,7666.210869565218,4.405
2020-12-15,7663.338043478261,4.4174999999999995
2020-12-16,7660.465217391305,4.43
2020-12-17,7657.592391304348,4.4425
2020-12-18,7654.719565217391,4.455
2020-12-19,7651.846739130435,4.4675
2020-12-20,7648.973913043478,4.4799999999999995
2020-12-21,7646.101086956522,4.4925
2020-12-22,7643.228260869565,4.505
2020-12-23,7640.355434782608,4.5175
2020-12-24,7637.482608695652,4.529999999999999
2020-12-25,7634.609782608695,4.5425
2020-12-26,7631.73695652174,4.555
2020-12-27,7628.864130434783,4.5675
2020-12-28,7625.991304347826,4.58
2020-12-29,7623.11847826087,4.592499999999999
2020-12-30,7620.245652173913,4.605
2020-12-31,7617.372826086957,4.6175
2021-01-01,7614.5,4.63
2021-01-02,7614.14,4.63
2021-01-03,7613.78,4.63
2021-01-04,7613.42,4.63
2021-01-05,7613.06,4.63
2021-01-06,7612.7,4.63
2021-01-07,7612.34,4.63
2021-01-08,7611.9800000000005,4.63
2021-01-09,7611.62,4.63
2021-01-10,7611.26,4.63
2021-01-11,7610.9,4.63
2021-01-12,7610.54,4.63
2021-01-13,7610.18,4.63
2021-01-14,7609.82,4.63
2021-01-15,7609.46,4.63
2021-01-16,7609.1,4.63
2021-01-17,7608.74,4.63
2021-01-18,7608.38,4.63
2021-01-19,7608.02,4.63
2021-01-20,7607.66,4.63
2021-01-21,7607.3,4.63
2021-01-22,7606.9400000000005,4.63
2021-01-23,7606.58,4.63
2021-01-24,7606.22,4.63
2021-01-25,7605.86,4.63
2021-01-26,7605.5,4.63
2021-01-27,7605.14,4.63
2021-01-28,7604.78,4.63
2021-01-29,7604.42,4.63
2021-01-30,7604.06,4.63
2021-01-31,7603.7,4.63
2021-02-01,7603.34,4.63
2021-02-02,7602.9800000000005,4.63
2021-02-03,7602.62,4.63
2021-02-04,7602.26,4.63
2021-02-05,7601.900000000001,4.63
2021-02-06,7601.54,4.63
2021-02-07,7601.18,4.63
2021-02-08,7600.82,4.63
2021-02-09,7600.46,4.63
2021-02-10,7600.1,4.63
2021-02-11,7599.74,4.63
2021-02-12,7599.38,4.63
2021-02-13,7599.02,4.63
2021-02-14,7598.66,4.63
2021-02-15,7598.3,4.63
2021-02-16,7597.9400000000005,4.63
2021-02-17,7597.58,4.63
2021-02-18,7597.22,4.63
2021-02-19,7596.860000000001,4.63
2021-02-20,7596.5,4.63
2021-02-21,7596.14,4.63
2021-02-22,7595.780000000001,4.63
2021-02-23,7595.42,4.63
2021-02-24,7595.06,4.63
2021-02-25,7594.7,4.63
2021-02-26,7594.34,4.63
2021-02-27,7593.9800000000005,4.63
2021-02-28,7593.62,4.63
2021-03-01,7593.26,4.63
2021-03-02,7592.900000000001,4.63
2021-03-03,7592.54,4.63
2021-03-04,7592.18,4.63
2021-03-05,7591.820000000001,4.63
2021-03-06,7591.46,4.63
2021-03-07,7591.1,4.63
2021-03-08,7590.740000000001,4.63
2021-03-09,7590.38,4.63
2021-03-10,7590.02,4.63
2021-03-11,7589.66,4.63
2021-03-12,7589.3,4.63
2021-03-13,7588.9400000000005,4.63
2021-03-14,7588.58,4.63
2021-03-15,7588.22,4.63
2021-03-16,7587.860000000001,4.63
2021-03-17,7587.5,4.63
2021-03-18,7587.14,4.63
2021-03-19,7586.780000000001,4.63
2021-03-20,7586.42,4.63
2021-03-21,7586.06,4.63
2021-03-22,7585.700000000001,4.63
2021-03-23,7585.34,4.63
2021-03-24,7584.9800000000005,4.63
2021-03-25,7584.62,4.63
2021-03-26,7584.26,4.63
2021-03-27,7583.900000000001,4.63
2021-03-28,7583.54,4.63
2021-03-29,7583.18,4.63
2021-03-30,7582.820000000001,4.63
2021-03-31,7582.46,4.63
2021-04-01,7582.1,4.63
2021-04-02,7586.6549450549455,4.625164835164835
2021-04-03,7591.209890109891,4.62032967032967
2021-04-04,7595.764835164836,4.615494505494506
2021-04-05,7600.319780219781,4.610659340659341
2021-04-06,7604.874725274725,4.605824175824176
2021-04-07,7609.42967032967,4.600989010989011
2021-04-08,7613.984615384616,4.596153846153846
2021-04-09,7618.539560439561,4.591318681318681
2021-04-10,7623.094505494506,4.586483516483517
2021-04-11,7627.649450549451,4.581648351648352
2021-04-12,7632.204395604396,4.576813186813187
2021-04-13,7636.759340659341,4.571978021978022
2021-04-14,7641.314285714286,4.567142857142857
2021-04-15,7645.869230769231,4.562307692307693
2021-04-16,7650.424175824176,4.557472527472528
2021-04-17,7654.979120879121,4.552637362637363
2021-04-18,7659.534065934066,4.547802197802198
2021-04-19,7664.0890109890115,4.542967032967033
2021-04-20,7668.643956043957,4.5381318681318685
2021-04-21,7673.198901098902,4.5332967032967035
2021-04-22,7677.753846153846,4.5284615384615385
2021-04-23,7682.308791208791,4.5236263736263735
2021-04-24,7686.863736263736,4.5187912087912085
2021-04-25,7691.418681318682,4.5139560439560436
2021-04-26,7695.973626373627,4.509120879120879
2021-04-27,7700.528571428572,4.5042857142857144
2021-04-28,7705.083516483517,4.4994505494505495
2021-04-29,7709.638461538462,4.4946153846153845
2021-04-30,7714.193406593407,4.4897802197802195
2021-05-01,7718.748351648352,4.484945054945055
2021-05-02,7723.303296703297,4.48010989010989
2021-05-03,7727.858241758242,4.475274725274725
2021-05-04,7732.413186813187,4.47043956043956
2021-05-05,7736.968131868132,4.465604395604395
2021-05-06,7741.5230769230775,4.460769230769231
2021-05-07,7746.078021978023,4.455934065934066
2021-05-08,7750.632967032968,4.451098901098901
2021-05-09,7755.187912087912,4.446263736263736
2021-05-10,7759.742857142857,4.441428571428571
2021-05-11,7764.297802197802,4.436593406593406
2021-05-12,7768.852747252748,4.431758241758242
2021-05-13,7773.407692307693,4.426923076923077
2021-05-14,7777.962637362638,4.422087912087912
2021-05-15,7782.517582417583,4.417252747252747
2021-05-16,7787.072527472528,4.412417582417582
2021-05-17,7791.6274725274725,4.407582417582418
2021-05-18,7796.182417582418,4.402747252747253
2021-05-19,7800.737362637363,4.397912087912088
2021-05-20,7805.292307692308,4.393076923076923
2021-05-21,7809.847252747253,4.388241758241758
2021-05-22,7814.402197802198,4.383406593406594
2021-05-23,7818.9571428571435,4.378571428571429
2021-05-24,7823.512087912089,4.373736263736264
2021-05-25,7828.067032967033,4.368901098901099
2021-05-26,7832.621978021978,4.364065934065934
2021-05-27,7837.176923076923,4.359230769230769
2021-05-28,7841.731868131868,4.354395604395605
2021-05-29,7846.286813186814,4.34956043956044
2021-05-30,7850.841758241759,4.344725274725275
2021-05-31,7855.396703296704,4.33989010989011
2021-06-01,7859.951648351649,4.335054945054945
2021-06-02,7864.506593406593,4.330219780219781
2021-06-03,7869.0615384615385,4.325384615384616
2021-06-04,7873.616483516484,4.320549450549451
2021-06-05,7878.171428571429,4.315714285714286
2021-06-06,7882.726373626374,4.310879120879121
2021-06-07,7887.281318681319,4.306043956043956
2021-06-08,7891.836263736264,4.301208791208792
2021-06-09,7896.3912087912095,4.296373626373627
2021-06-10,7900.946153846155,4.291538461538462
2021-06-11,7905.501098901099,4.286703296703297
2021-06-12,7910.056043956044,4.281868131868132
2021-06-13,7914.610989010989,4.277032967032968
2021-06-14,7919.165934065934,4.272197802197803
2021-06-15,7923.7208791208795,4.267362637362638
2021-06-16,7928.275824175825,4.262527472527473
2021-06-17,7932.83076923077,4.257692307692308
2021-06-18,7937.385714285715,4.252857142857144
2021-06-19,7941.940659340659,4.248021978021979
2021-06-20,7946.4956043956045,4.243186813186814
2021-06-21,7951.05054945055,4.238351648351649
2021-06-22,7955.605494505495,4.233516483516484
2021-06-23,7960.16043956044,4.2286813186813195
2021-06-24,7964.715384615385,4.2238461538461545
2021-06-25,7969.27032967033,4.2190109890109895
2021-06-26,7973.825274725275,4.2141758241758245
2021-06-27,7978.38021978022,4.2093406593406595
2021-06-28,7982.935164835165,4.2045054945054945
2021-06-29,7987.49010989011,4.19967032967033
2021-06-30,7992.045054945055,4.194835164835165
2021-07-01,7996.6,4.19
2021-07-02,8008.532608695653,4.19
2021-07-03,8020.465217391305,4.19
2021-07-04,8032.397826086957,4.19
2021-07-05,8044.330434782609,4.19
2021-07-06,8056.263043478261,4.19
2021-07-07,8068.195652173913,4.19
2021-07-08,8080.128260869566,4.19
2021-07-09,8092.060869565218,4.19
2021-07-10,8103.99347826087,4.19
2021-07-11,8115.926086956522,4.19
2021-07-12,8127.858695652174,4.19
2021-07-13,8139.791304347827,4.19
2021-07-14,8151.723913043478,4.19
2021-07-15,8163.656521739131,4.19
2021-07-16,8175.589130434782,4.19
2021-07-17,8187.521739130435,4.19
2021-07-18,8199.454347826088,4.19
2021-07-19,8211.38695652174,4.19
2021-07-20,8223.31956521739,4.19
2021-07-21,8235.252173913044,4.19
2021-07-22,8247.184782608696,4.19
2021-07-23,8259.117391304348,4.19
2021-07-24,8271.05,4.19
2021-07-25,8282.982608695653,4.19
2021-07-26,8294.915217391304,4.19
2021-07-27,8306.847826086956,4.19
2021-07-28,8318.78043478261,4.19
2021-07-29,8330.713043478261,4.19
2021-07-30,8342.645652173913,4.19
2021-07-31,8354.578260869564,4.19
2021-08-01,8366.510869565218,4.19
2021-08-02,8378.44347826087,4.19
2021-08-03,8390.376086956521,4.19
2021-08-04,8402.308695652175,4.19
2021-08-05,8414.241304347826,4.19
2021-08-06,8426.173913043478,4.19
2021-08-07,8438.10652173913,4.19
2021-08-08,8450.039130434783,4.19
2021-08-09,8461.971739130435,4.19
2021-08-10,8473.904347826086,4.19
2021-08-11,8485.83695652174,4.19
2021-08-12,8497.769565217392,4.19
2021-08-13,8509.702173913043,4.19
2021-08-14,8521.634782608695,4.19
2021-08-15,8533.567391304348,4.19
2021-08-16,8545.5,4.19
2021-08-17,8557.432608695652,4.19
2021-08-18,8569.365217391305,4.19
2021-08-19,8581.297826086957,4.19
2021-08-20,8593.230434782608,4.19
2021-08-21,8605.16304347826,4.19
2021-08-22,8617.095652173914,4.19
2021-08-23,8629.028260869565,4.19
2021-08-24,8640.960869565217,4.19
2021-08-25,8652.89347826087,4.19
2021-08-26,8664.826086956522,4.19
2021-08-27,8676.758695652174,4.19
2021-08-28,8688.691304347825,4.19
2021-08-29,8700.623913043479,4.19
2021-08-30,8712.55652173913,4.19
2021-08-31,8724.489130434782,4.19
2021-09-01,8736.421739130434,4.19
2021-09-02,8748.354347826087,4.19
2021-09-03,8760.286956521739,4.19
2021-09-04,8772.21956521739,4.19
2021-09-05,8784.152173913044,4.19
2021-09-06,8796.084782608696,4.19
2021-09-07,8808.017391304347,4.19
2021-09-08,8819.95,4.19
2021-09-09,8831.882608695652,4.19
2021-09-10,8843.815217391304,4.19
2021-09-11,8855.747826086956,4.19
2021-09-12,8867.68043478261,4.19
2021-09-13,8879.61304347826,4.19
2021-09-14,8891.545652173912,4.19
2021-09-15,8903.478260869564,4.19
2021-09-16,8915.410869565218,4.19
2021-09-17,8927.34347826087,4.19
2021-09-18,8939.27608695652,4.19
2021-09-19,8951.208695652174,4.19
2021-09-20,8963.141304347826,4.19
2021-09-21,8975.073913043478,4.19
2021-09-22,8987.00652173913,4.19
2021-09-23,8998.939130434783,4.19
2021-09-24,9010.871739130434,4.19
2021-09-25,9022.804347826086,4.19
2021-09-26,9034.736956521738,4.19
2021-09-27,9046.669565217391,4.19
2021-09-28,9058.602173913043,4.19
2021-09-29,9070.534782608695,4.19
2021-09-30,9082.467391304348,4.19
2021-10-01,9094.4,4.19
2021-10-02,9094.03152173913,4.210217391304348
2021-10-03,9093.66304347826,4.230434782608696
2021-10-04,9093.294565217391,4.250652173913044
2021-10-05,9092.92608695652,4.270869565217391
2021-10-06,9092.557608695652,4.291086956521739
2021-10-07,9092.189130434783,4.311304347826088
2021-10-08,9091.820652173912,4.3315217391304355
2021-10-09,9091.452173913043,4.351739130434783
2021-10-10,9091.083695652174,4.371956521739131
2021-10-11,9090.715217391304,4.392173913043479
2021-10-12,9090.346739130435,4.4123913043478264
2021-10-13,9089.978260869564,4.432608695652174
2021-10-14,9089.609782608695,4.452826086956522
2021-10-15,9089.241304347826,4.47304347826087
2021-10-16,9088.872826086956,4.493260869565217
2021-10-17,9088.504347826087,4.513478260869565
2021-10-18,9088.135869565218,4.533695652173913
2021-10-19,9087.767391304347,4.5539130434782615
2021-10-20,9087.398913043478,4.574130434782609
2021-10-21,9087.030434782608,4.594347826086957
2021-10-22,9086.661956521739,4.614565217391305
2021-10-23,9086.29347826087,4.6347826086956525
2021-10-24,9085.925,4.655
2021-10-25,9085.55652173913,4.675217391304348
2021-10-26,9085.18804347826,4.695434782608696
2021-10-27,9084.81956521739,4.7156521739130435
2021-10-28,9084.451086956522,4.735869565217391
2021-10-29,9084.082608695651,4.756086956521739
2021-10-30,9083.714130434782,4.776304347826088
2021-10-31,9083.345652173914,4.796521739130435
2021-11-01,9082.977173913043,4.816739130434783
2021-11-02,9082.608695652174,4.836956521739131
2021-11-03,9082.240217391303,4.857173913043479
2021-11-04,9081.871739130434,4.877391304347826
2021-11-05,9081.503260869566,4.897608695652174
2021-11-06,9081.134782608695,4.917826086956522
2021-11-07,9080.766304347826,4.9380434782608695
2021-11-08,9080.397826086957,4.958260869565217
2021-11-09,9080.029347826086,4.978478260869565
2021-11-10,9079.660869565218,4.998695652173913
2021-11-11,9079.292391304347,5.0189130434782605
2021-11-12,9078.923913043478,5.039130434782609
2021-11-13,9078.55543478261,5.059347826086957
2021-11-14,9078.186956521738,5.079565217391305
2021-11-15,9077.81847826087,5.099782608695652
2021-11-16,9077.45,5.12
2021-11-17,9077.08152173913,5.140217391304348
2021-11-18,9076.713043478261,5.160434782608696
2021-11-19,9076.34456521739,5.180652173913043
2021-11-20,9075.976086956522,5.200869565217391
2021-11-21,9075.607608695653,5.22108695652174
2021-11-22,9075.239130434782,5.2413043478260875
2021-11-23,9074.870652173913,5.261521739130435
2021-11-24,9074.502173913042,5.281739130434783
2021-11-25,9074.133695652174,5.301956521739131
2021-11-26,9073.765217391305,5.322173913043478
2021-11-27,9073.396739130434,5.342391304347826
2021-11-28,9073.028260869565,5.362608695652174
2021-11-29,9072.659782608696,5.382826086956522
2021-11-30,9072.291304347826,5.403043478260869
2021-12-01,9071.922826086957,5.423260869565217
2021-12-02,9071.554347826086,5.443478260869565
2021-12-03,9071.185869565217,5.463695652173913
2021-12-04,9070.817391304348,5.48391304347826
2021-12-05,9070.448913043478,5.504130434782608
2021-12-06,9070.080434782609,5.524347826086957
2021-12-07,9069.71195652174,5.5445652173913045
2021-12-08,9069.34347826087,5.564782608695652
2021-12-09,9068.975,5.585
2021-12-10,9068.60652173913,5.605217391304348
2021-12-11,9068.23804347826,5.6254347826086954
2021-12-12,9067.869565217392,5.645652173913043
2021-12-13,9067.501086956521,5.665869565217391
2021-12-14,9067.132608695652,5.686086956521739
2021-12-15,9066.764130434782,5.706304347826087
2021-12-16,9066.395652173913,5.726521739130435
2021-12-17,9066.027173913044,5.746739130434783
2021-12-18,9065.658695652173,5.7669565217391305
2021-12-19,9065.290217391304,5.787173913043478
2021-12-20,9064.921739130436,5.807391304347826
2021-12-21,9064.553260869565,5.827608695652174
2021-12-22,9064.184782608696,5.8478260869565215
2021-12-23,9063.816304347825,5.868043478260869
2021-12-24,9063.447826086956,5.888260869565217
2021-12-25,9063.079347826088,5.908478260869565
2021-12-26,9062.710869565217,5.9286956521739125
2021-12-27,9062.342391304348,5.94891304347826
2021-12-28,9061.97391304348,5.969130434782608
2021-12-29,9061.605434782608,5.989347826086957
2021-12-30,9061.23695652174,6.009565217391304
2021-12-31,9060.868478260869,6.029782608695652
2022-01-01,9060.5,6.05
2022-01-02,9063.225555555555,6.05
2022-01-03,9065.951111111111,6.05
2022-01-04,9068.676666666666,6.05
2022-01-05,9071.402222222223,6.05
2022-01-06,9074.127777777778,6.05
2022-01-07,9076.853333333333,6.05
2022-01-08,9079.57888888889,6.05
2022-01-09,9082.304444444444,6.05
2022-01-10,9085.03,6.05
2022-01-11,9087.755555555555,6.05
2022-01-12,9090.48111111111,6.05
2022-01-13,9093.206666666667,6.05
2022-01-14,9095.932222222222,6.05
2022-01-15,9098.657777777778,6.05
2022-01-16,9101.383333333333,6.05
2022-01-17,9104.108888888888,6.05
2022-01-18,9106.834444444445,6.05
2022-01-19,9109.56,6.05
2022-01-20,9112.285555555556,6.05
2022-01-21,9115.011111111111,6.05
2022-01-22,9117.736666666666,6.05
2022-01-23,9120.462222222222,6.05
2022-01-24,9123.187777777777,6.05
2022-01-25,9125.913333333334,6.05
2022-01-26,9128.638888888889,6.05
2022-01-27,9131.364444444444,6.05
2022-01-28,9134.09,6.05
2022-01-29,9136.815555555555,6.05
2022-01-30,9139.541111111112,6.05
2022-01-31,9142.266666666666,6.05
2022-02-01,9144.992222222221,6.05
2022-02-02,9147.717777777778,6.05
2022-02-03,9150.443333333333,6.05
2022-02-04,9153.16888888889,6.05
2022-02-05,9155.894444444444,6.05
2022-02-06,9158.619999999999,6.05
2022-02-07,9161.345555555556,6.05
2022-02-08,9164.07111111111,6.05
2022-02-09,9166.796666666667,6.05
2022-02-10,9169.522222222222,6.05
2022-02-11,9172.247777777777,6.05
2022-02-12,9174.973333333333,6.05
2022-02-13,9177.698888888888,6.05
2022-02-14,9180.424444444445,6.05
2022-02-15,9183.15,6.05
2022-02-16,9185.875555555554,6.05
2022-02-17,9188.601111111111,6.05
2022-02-18,9191.326666666666,6.05
2022-02-19,9194.052222222223,6.05
2022-02-20,9196.777777777777,6.05
2022-02-21,9199.503333333332,6.05
2022-02-22,9202.228888888889,6.05
2022-02-23,9204.954444444444,6.05
2022-02-24,9207.68,6.05
2022-02-25,9210.405555555555,6.05
2022-02-26,9213.13111111111,6.05
2022-02-27,9215.856666666667,6.05
2022-02-28,9218.582222222221,6.05
2022-03-01,9221.307777777778,6.05
2022-03-02,9224.033333333333,6.05
2022-03-03,9226.758888888888,6.05
2022-03-04,9229.484444444444,6.05
2022-03-05,9232.21,6.05
2022-03-06,9234.935555555556,6.05
2022-03-07,9237.66111111111,6.05
2022-03-08,9240.386666666665,6.05
2022-03-09,9243.112222222222,6.05
2022-03-10,9245.837777777777,6.05
2022-03-11,9248.563333333334,6.05
2022-03-12,9251.288888888888,6.05
2022-03-13,9254.014444444443,6.05
2022-03-14,9256.74,6.05
2022-03-15,9259.465555555555,6.05
2022-03-16,9262.191111111111,6.05
2022-03-17,9264.916666666666,6.05
2022-03-18,9267.64222222222,6.05
2022-03-19,9270.367777777778,6.05
2022-03-20,9273.093333333332,6.05
2022-03-21,9275.818888888889,6.05
2022-03-22,9278.544444444444,6.05
2022-03-23,9281.269999999999,6.05
2022-03-24,9283.995555555555,6.05
2022-03-25,9286.72111111111,6.05
2022-03-26,9289.446666666667,6.05
2022-03-27,9292.172222222222,6.05
2022-03-28,9294.897777777776,6.05
2022-03-29,9297.623333333333,6.05
2022-03-30,9300.348888888888,6.05
2022-03-31,9303.074444444444,6.05
2022-04-01,9305.8,6.05
2022-04-02,9308.76043956044,6.0407692307692304
2022-04-03,9311.720879120878,6.031538461538461
2022-04-04,9314.681318681318,6.022307692307692
2022-04-05,9317.641758241758,6.013076923076923
2022-04-06,9320.602197802196,6.003846153846154
2022-04-07,9323.562637362636,5.9946153846153845
2022-04-08,9326.523076923077,5.985384615384615
2022-04-09,9329.483516483517,5.976153846153846
2022-04-10,9332.443956043955,5.966923076923076
2022-04-11,9335.404395604395,5.957692307692308
2022-04-12,9338.364835164835,5.9484615384615385
2022-04-13,9341.325274725274,5.939230769230769
2022-04-14,9344.285714285714,5.93
2022-04-15,9347.246153846154,5.92076923076923
2022-04-16,9350.206593406592,5.911538461538461
2022-04-17,9353.167032967032,5.9023076923076925
2022-04-18,9356.127472527472,5.893076923076923
2022-04-19,9359.08791208791,5.883846153846154
2022-04-20,9362.048351648351,5.874615384615384
2022-04-21,9365.008791208791,5.865384615384615
2022-04-22,9367.969230769231,5.856153846153846
2022-04-23,9370.92967032967,5.846923076923077
2022-04-24,9373.89010989011,5.837692307692308
2022-04-25,9376.85054945055,5.828461538461538
2022-04-26,9379.810989010988,5.819230769230769
2022-04-27,9382.771428571428,5.81
2022-04-28,9385.731868131868,5.80076923076923
2022-04-29,9388.692307692307,5.791538461538462
2022-04-30,9391.652747252747,5.782307692307692
2022-05-01,9394.613186813187,5.773076923076923
2022-05-02,9397.573626373625,5.763846153846154
2022-05-03,9400.534065934065,5.754615384615384
2022-05-04,9403.494505494506,5.745384615384615
2022-05-05,9406.454945054946,5.736153846153846
2022-05-06,9409.415384615384,5.726923076923077
2022-05-07,9412.375824175824,5.717692307692308
2022-05-08,9415.336263736264,5.708461538461538
2022-05-09,9418.296703296703,5.699230769230769
2022-05-10,9421.257142857143,5.6899999999999995
2022-05-11,9424.217582417583,5.680769230769231
2022-05-12,9427.178021978021,5.671538461538462
2022-05-13,9430.138461538461,5.662307692307692
2022-05-14,9433.098901098901,5.653076923076923
2022-05-15,9436.05934065934,5.6438461538461535
2022-05-16,9439.01978021978,5.634615384615384
2022-05-17,9441.98021978022,5.625384615384616
2022-05-18,9444.94065934066,5.616153846153846
2022-05-19,9447.901098901099,5.606923076923077
2022-05-20,9450.861538461539,5.5976923076923075
2022-05-21,9453.821978021979,5.588461538461538
2022-05-22,9456.782417582417,5.579230769230769
2022-05-23,9459.742857142857,5.57
2022-05-24,9462.703296703297,5.560769230769231
2022-05-25,9465.663736263736,5.5515384615384615
2022-05-26,9468.624175824176,5.542307692307692
2022-05-27,9471.584615384616,5.533076923076923
2022-05-28,9474.545054945054,5.523846153846153
2022-05-29,9477.505494505494,5.514615384615384
2022-05-30,9480.465934065935,5.5053846153846155
2022-05-31,9483.426373626375,5.496153846153846
2022-06-01,9486.386813186813,5.486923076923077
2022-06-02,9489.347252747253,5.477692307692307
2022-06-03,9492.307692307693,5.468461538461538
2022-06-04,9495.268131868132,5.4592307692307696
2022-06-05,9498.228571428572,5.45
2022-06-06,9501.189010989012,5.440769230769231
2022-06-07,9504.14945054945,5.431538461538461
2022-06-08,9507.10989010989,5.422307692307692
2022-06-09,9510.07032967033,5.413076923076923
2022-06-10,9513.030769230769,5.403846153846153
2022-06-11,9515.991208791209,5.394615384615385
2022-06-12,9518.951648351649,5.385384615384615
2022-06-13,9521.91208791209,5.376153846153846
2022-06-14,9524.872527472528,5.366923076923077
2022-06-15,9527.832967032968,5.357692307692307
2022-06-16,9530.793406593408,5.348461538461539
2022-06-17,9533.753846153846,5.3392307692307694
2022-06-18,9536.714285714286,5.33
2022-06-19,9539.674725274726,5.320769230769231
2022-06-20,9542.635164835165,5.311538461538461
2022-06-21,9545.595604395605,5.302307692307692
2022-06-22,9548.556043956045,5.293076923076923
2022-06-23,9551.516483516483,5.283846153846154
2022-06-24,9554.476923076923,5.274615384615385
2022-06-25,9557.437362637364,5.265384615384615
2022-06-26,9560.397802197804,5.256153846153846
2022-06-27,9563.358241758242,5.246923076923077
2022-06-28,9566.318681318682,5.237692307692308
2022-06-29,9569.279120879122,5.228461538461539
2022-06-30,9572.23956043956,5.219230769230769
2022-07-01,9575.2,5.21
2022-07-02,9583.285869565218,5.21
2022-07-03,9591.371739130436,5.21
2022-07-04,9599.457608695653,5.21
2022-07-05,9607.54347826087,5.21
2022-07-06,9615.629347826087,5.21
2022-07-07,9623.715217391305,5.21
2022-07-08,9631.801086956522,5.21
2022-07-09,9639.88695652174,5.21
2022-07-10,9647.972826086958,5.21
2022-07-11,9656.058695652175,5.21
2022-07-12,9664.144565217392,5.21
2022-07-13,9672.23043478261,5.21
2022-07-14,9680.316304347827,5.21
2022-07-15,9688.402173913044,5.21
2022-07-16,9696.48804347826,5.21
2022-07-17,9704.57391304348,5.21
2022-07-18,9712.659782608696,5.21
2022-07-19,9720.745652173913,5.21
2022-07-20,9728.831521739132,5.21
2022-07-21,9736.917391304349,5.21
2022-07-22,9745.003260869566,5.21
2022-07-23,9753.089130434782,5.21
2022-07-24,9761.175000000001,5.21
2022-07-25,9769.260869565218,5.21
2022-07-26,9777.346739130435,5.21
2022-07-27,9785.432608695653,5.21
2022-07-28,9793.51847826087,5.21
2022-07-29,9801.604347826087,5.21
2022-07-30,9809.690217391306,5.21
2022-07-31,9817.776086956523,5.21
2022-08-01,9825.86195652174,5.21
2022-08-02,9833.947826086956,5.21
2022-08-03,9842.033695652175,5.21
2022-08-04,9850.119565217392,5.21
2022-08-05,9858.205434782609,5.21
2022-08-06,9866.291304347827,5.21
2022-08-07,9874.377173913044,5.21
2022-08-08,9882.463043478261,5.21
2022-08-09,9890.548913043478,5.21
2022-08-10,9898.634782608697,5.21
2022-08-11,9906.720652173914,5.21
2022-08-12,9914.80652173913,5.21
2022-08-13,9922.892391304349,5.21
2022-08-14,9930.978260869566,5.21
2022-08-15,9939.064130434783,5.21
2022-08-16,9947.150000000001,5.21
2022-08-17,9955.235869565218,5.21
2022-08-18,9963.321739130435,5.21
2022-08-19,9971.407608695652,5.21
2022-08-20,9979.49347826087,5.21
2022-08-21,9987.579347826088,5.21
2022-08-22,9995.665217391304,5.21
2022-08-23,10003.751086956523,5.21
2022-08-24,10011.83695652174,5.21
2022-08-25,10019.922826086957,5.21
2022-08-26,10028.008695652174,5.21
2022-08-27,10036.094565217392,5.21
2022-08-28,10044.18043478261,5.21
2022-08-29,10052.266304347826,5.21
2022-08-30,10060.352173913045,5.21
2022-08-31,10068.438043478262,5.21
2022-09-01,10076.523913043478,5.21
2022-09-02,10084.609782608697,5.21
2022-09-03,10092.695652173914,5.21
2022-09-04,10100.78152173913,5.21
2022-09-05,10108.867391304348,5.21
2022-09-06,10116.953260869566,5.21
2022-09-07,10125.039130434783,5.21
2022-09-08,10133.125,5.21
2022-09-09,10141.210869565219,5.21
2022-09-10,10149.296739130436,5.21
2022-09-11,10157.382608695652,5.21
2022-09-12,10165.46847826087,5.21
2022-09-13,10173.554347826088,5.21
2022-09-14,10181.640217391305,5.21
2022-09-15,10189.726086956522,5.21
2022-09-16,10197.81195652174,5.21
2022-09-17,10205.897826086957,5.21
2022-09-18,10213.983695652174,5.21
2022-09-19,10222.069565217393,5.21
2022-09-20,10230.15543478261,5.21
2022-09-21,10238.241304347826,5.21
2022-09-22,10246.327173913043,5.21
2022-09-23,10254.413043478262,5.21
2022-09-24,10262.498913043479,5.21
2022-09-25,10270.584782608696,5.21
2022-09-26,10278.670652173914,5.21
2022-09-27,10286.756521739131,5.21
2022-09-28,10294.842391304348,5.21
2022-09-29,10302.928260869565,5.21
2022-09-30,10311.014130434784,5.21
2022-10-01,10319.1,5.21
2022-10-02,10319.766304347826,5.226521739130435
2022-10-03,10320.432608695652,5.243043478260869
2022-10-04,10321.09891304348,5.259565217391304
2022-10-05,10321.765217391305,5.276086956521739
2022-10-06,10322.43152173913,5.292608695652174
2022-10-07,10323.097826086956,5.309130434782609
2022-10-08,10323.764130434784,5.325652173913044
2022-10-09,10324.43043478261,5.342173913043478
2022-10-10,10325.096739130435,5.358695652173913
2022-10-11,10325.76304347826,5.375217391304348
2022-10-12,10326.429347826088,5.391739130434782
2022-10-13,10327.095652173914,5.4082608695652175
2022-10-14,10327.76195652174,5.4247826086956525
2022-10-15,10328.428260869565,5.441304347826087
2022-10-16,10329.094565217392,5.457826086956522
2022-10-17,10329.760869565218,5.474347826086957
2022-10-18,10330.427173913044,5.490869565217391
2022-10-19,10331.09347826087,5.507391304347826
2022-10-20,10331.759782608697,5.523913043478261
2022-10-21,10332.426086956522,5.5404347826086955
2022-10-22,10333.092391304348,5.556956521739131
2022-10-23,10333.758695652174,5.573478260869566
2022-10-24,10334.425,5.59
2022-10-25,10335.091304347827,5.606521739130435
2022-10-26,10335.757608695652,5.62304347826087
2022-10-27,10336.423913043478,5.639565217391304
2022-10-28,10337.090217391304,5.656086956521739
2022-10-29,10337.756521739131,5.672608695652174
2022-10-30,10338.422826086957,5.689130434782609
2022-10-31,10339.089130434782,5.705652173913044
2022-11-01,10339.755434782608,5.722173913043479
2022-11-02,10340.421739130436,5.738695652173913
2022-11-03,10341.088043478261,5.755217391304348
2022-11-04,10341.754347826087,5.771739130434783
2022-11-05,10342.420652173912,5.788260869565217
2022-11-06,10343.08695652174,5.804782608695652
2022-11-07,10343.753260869566,5.8213043478260875
2022-11-08,10344.419565217391,5.837826086956522
2022-11-09,10345.085869565217,5.854347826086957
2022-11-10,10345.752173913044,5.870869565217392
2022-11-11,10346.41847826087,5.887391304347826
2022-11-12,10347.084782608696,5.903913043478261
2022-11-13,10347.751086956521,5.920434782608696
2022-11-14,10348.417391304349,5.9369565217391305
2022-11-15,10349.083695652174,5.9534782608695656
2022-11-16,10349.75,5.970000000000001
2022-11-17,10350.416304347826,5.986521739130435
2022-11-18,10351.082608695651,6.00304347826087
2022-11-19,10351.748913043479,6.019565217391305
2022-11-20,10352.415217391304,6.036086956521739
2022-11-21,10353.08152173913,6.052608695652174
2022-11-22,10353.747826086956,6.069130434782609
2022-11-23,10354.414130434783,6.085652173913044
2022-11-24,10355.080434782609,6.102173913043479
2022-11-25,10355.746739130434,6.118695652173914
2022-11-26,10356.41304347826,6.135217391304348
2022-11-27,10357.079347826088,6.151739130434783
2022-11-28,10357.745652173913,6.168260869565218
2022-11-29,10358.411956521739,6.184782608695652
2022-11-30,10359.078260869564,6.201304347826087
2022-12-01,10359.744565217392,6.2178260869565225
2022-12-02,10360.410869565218,6.234347826086957
2022-12-03,10361.077173913043,6.250869565217392
2022-12-04,10361.743478260869,6.267391304347827
2022-12-05,10362.409782608696,6.283913043478261
2022-12-06,10363.076086956522,6.300434782608696
2022-12-07,10363.742391304348,6.316956521739131
2022-12-08,10364.408695652173,6.3334782608695654
2022-12-09,10365.075,6.3500000000000005
2022-12-10,10365.741304347826,6.366521739130436
2022-12-11,10366.407608695652,6.38304347826087
2022-12-12,10367.073913043478,6.399565217391305
2022-12-13,10367.740217391303,6.41608695652174
2022-12-14,10368.40652173913,6.432608695652174
2022-12-15,10369.072826086956,6.449130434782609
2022-12-16,10369.739130434782,6.465652173913044
2022-12-17,10370.405434782608,6.482173913043479
2022-12-18,10371.071739130435,6.498695652173914
2022-12-19,10371.73804347826,6.515217391304349
2022-12-20,10372.404347826086,6.531739130434783
2022-12-21,10373.070652173912,6.548260869565218
2022-12-22,10373.73695652174,6.564782608695653
2022-12-23,10374.403260869565,6.581304347826087
2022-12-24,10375.06956521739,6.597826086956522
2022-12-25,10375.735869565216,6.6143478260869575
2022-12-26,10376.402173913044,6.630869565217392
2022-12-27,10377.06847826087,6.647391304347827
2022-12-28,10377.734782608695,6.663913043478262
2022-12-29,10378.40108695652,6.680434782608696
2022-12-30,10379.067391304348,6.696956521739131
2022-12-31,10379.733695652174,6.713478260869566
2023-01-01,10380.4,6.73
2023-01-02,10378.325555555555,6.73
2023-01-03,10376.25111111111,6.73
2023-01-04,10374.176666666666,6.73
2023-01-05,10372.102222222222,6.73
2023-01-06,10370.027777777777,6.73
2023-01-07,10367.953333333333,6.73
2023-01-08,10365.878888888888,6.73
2023-01-09,10363.804444444444,6.73
2023-01-10,10361.73,6.73
2023-01-11,10359.655555555555,6.73
2023-01-12,10357.58111111111,6.73
2023-01-13,10355.506666666666,6.73
2023-01-14,10353.432222222222,6.73
2023-01-15,10351.357777777777,6.73
2023-01-16,10349.283333333333,6.73
2023-01-17,10347.208888888888,6.73
2023-01-18,10345.134444444444,6.73
2023-01-19,10343.06,6.73
2023-01-20,10340.985555555555,6.73
2023-01-21,10338.91111111111,6.73
2023-01-22,10336.836666666666,6.73
2023-01-23,10334.762222222222,6.73
2023-01-24,10332.687777777777,6.73
2023-01-25,10330.613333333333,6.73
2023-01-26,10328.538888888888,6.73
2023-01-27,10326.464444444444,6.73
2023-01-28,10324.39,6.73
2023-01-29,10322.315555555555,6.73
2023-01-30,10320.24111111111,6.73
2023-01-31,10318.166666666666,6.73
2023-02-01,10316.092222222222,6.73
2023-02-02,10314.017777777777,6.73
2023-02-03,10311.943333333333,6.73
2023-02-04,10309.868888888888,6.73
2023-02-05,10307.794444444444,6.73
2023-02-06,10305.72,6.73
2023-02-07,10303.645555555555,6.73
2023-02-08,10301.57111111111,6.73
2023-02-09,10299.496666666666,6.73
2023-02-10,10297.422222222222,6.73
2023-02-11,10295.347777777777,6.73
2023-02-12,10293.273333333333,6.73
2023-02-13,10291.198888888888,6.73
2023-02-14,10289.124444444444,6.73
2023-02-15,10287.050000000001,6.73
2023-02-16,10284.975555555557,6.73
2023-02-17,10282.901111111112,6.73
2023-02-18,10280.826666666668,6.73
2023-02-19,10278.752222222223,6.73
2023-02-20,10276.677777777779,6.73
2023-02-21,10274.603333333334,6.73
2023-02-22,10272.52888888889,6.73
2023-02-23,10270.454444444445,6.73
2023-02-24,10268.380000000001,6.73
2023-02-25,10266.305555555557,6.73
2023-02-26,10264.231111111112,6.73
2023-02-27,10262.156666666668,6.73
2023-02-28,10260.082222222223,6.73
2023-03-01,10258.007777777779,6.73
2023-03-02,10255.933333333334,6.73
2023-03-03,10253.85888888889,6.73
2023-03-04,10251.784444444445,6.73
2023-03-05,10249.710000000001,6.73
2023-03-06,10247.635555555556,6.73
2023-03-07,10245.561111111112,6.73
2023-03-08,10243.486666666668,6.73
2023-03-09,10241.412222222223,6.73
2023-03-10,10239.337777777779,6.73
2023-03-11,10237.263333333334,6.73
2023-03-12,10235.18888888889,6.73
2023-03-13,10233.114444444445,6.73
2023-03-14,10231.04,6.73
2023-03-15,10228.965555555556,6.73
2023-03-16,10226.891111111112,6.73
2023-03-17,10224.816666666668,6.73
2023-03-18,10222.742222222223,6.73
2023-03-19,10220.667777777779,6.73
2023-03-20,10218.593333333334,6.73
2023-03-21,10216.51888888889,6.73
2023-03-22,10214.444444444445,6.73
2023-03-23,10212.37,6.73
2023-03-24,10210.295555555556,6.73
2023-03-25,10208.221111111112,6.73
2023-03-26,10206.146666666667,6.73
2023-03-27,10204.072222222223,6.73
2023-03-28,10201.997777777779,6.73
2023-03-29,10199.923333333334,6.73
2023-03-30,10197.84888888889,6.73
2023-03-31,10195.774444444445,6.73
2023-04-01,10193.7,6.73
2023-04-02,10191.605494505495,6.718241758241759
2023-04-03,10189.510989010989,6.706483516483517
2023-04-04,10187.416483516485,6.6947252747252755
2023-04-05,10185.321978021979,6.682967032967033
2023-04-06,10183.227472527473,6.671208791208792
2023-04-07,10181.132967032967,6.65945054945055
2023-04-08,10179.038461538463,6.647692307692308
2023-04-09,10176.943956043957,6.635934065934066
2023-04-10,10174.849450549451,6.624175824175825
2023-04-11,10172.754945054945,6.612417582417582
2023-04-12,10170.66043956044,6.600659340659341
2023-04-13,10168.565934065935,6.5889010989011
2023-04-14,10166.471428571429,6.577142857142857
2023-04-15,10164.376923076923,6.565384615384616
2023-04-16,10162.282417582419,6.553626373626374
2023-04-17,10160.187912087913,6.541868131868132
2023-04-18,10158.093406593407,6.53010989010989
2023-04-19,10155.998901098901,6.518351648351649
2023-04-20,10153.904395604397,6.506593406593407
2023-04-21,10151.809890109891,6.494835164835165
2023-04-22,10149.715384615385,6.483076923076924
2023-04-23,10147.62087912088,6.471318681318682
2023-04-24,10145.526373626375,6.45956043956044
2023-04-25,10143.43186813187,6.447802197802198
2023-04-26,10141.337362637363,6.436043956043957
2023-04-27,10139.242857142857,6.424285714285714
2023-04-28,10137.148351648353,6.412527472527473
2023-04-29,10135.053846153847,6.400769230769231
2023-04-30,10132.959340659341,6.389010989010989
2023-05-01,10130.864835164835,6.377252747252747
2023-05-02,10128.77032967033,6.365494505494506
2023-05-03,10126.675824175825,6.353736263736264
2023-05-04,10124.58131868132,6.341978021978022
2023-05-05,10122.486813186813,6.330219780219781
2023-05-06,10120.392307692307,6.318461538461539
2023-05-07,10118.297802197803,6.306703296703297
2023-05-08,10116.203296703297,6.294945054945055
2023-05-09,10114.108791208791,6.283186813186814
2023-05-10,10112.014285714286,6.271428571428571
2023-05-11,10109.919780219781,6.25967032967033
2023-05-12,10107.825274725275,6.247912087912088
2023-05-13,10105.73076923077,6.236153846153846
2023-05-14,10103.636263736264,6.224395604395605
2023-05-15,10101.54175824176,6.212637362637363
2023-05-16,10099.447252747254,6.200879120879121
2023-05-17,10097.352747252748,6.189120879120879
2023-05-18,10095.258241758242,6.177362637362638
2023-05-19,10093.163736263738,6.1656043956043955
2023-05-20,10091.069230769232,6.153846153846154
2023-05-21,10088.974725274726,6.142087912087913
2023-05-22,10086.88021978022,6.130329670329671
2023-05-23,10084.785714285716,6.118571428571428
2023-05-24,10082.69120879121,6.106813186813187
2023-05-25,10080.596703296704,6.095054945054946
2023-05-26,10078.502197802198,6.083296703296703
2023-05-27,10076.407692307694,6.071538461538462
2023-05-28,10074.313186813188,6.05978021978022
2023-05-29,10072.218681318682,6.048021978021978
2023-05-30,10070.124175824176,6.036263736263736
2023-05-31,10068.02967032967,6.024505494505495
2023-06-01,10065.935164835166,6.012747252747253
2023-06-02,10063.84065934066,6.000989010989011
2023-06-03,10061.746153846154,5.98923076923077
2023-06-04,10059.651648351648,5.9774725274725276
2023-06-05,10057.557142857144,5.965714285714286
2023-06-06,10055.462637362638,5.953956043956044
2023-06-07,10053.368131868132,5.942197802197803
2023-06-08,10051.273626373626,5.93043956043956
2023-06-09,10049.179120879122,5.918681318681319
2023-06-10,10047.084615384616,5.906923076923077
2023-06-11,10044.99010989011,5.895164835164835
2023-06-12,10042.895604395604,5.883406593406594
2023-06-13,10040.8010989011,5.871648351648352
2023-06-14,10038.706593406594,5.85989010989011
2023-06-15,10036.612087912088,5.848131868131868
2023-06-16,10034.517582417582,5.836373626373627
2023-06-17,10032.423076923078,5.8246153846153845
2023-06-18,10030.328571428572,5.812857142857143
2023-06-19,10028.234065934066,5.801098901098901
2023-06-20,10026.13956043956,5.78934065934066
2023-06-21,10024.045054945056,5.777582417582417
2023-06-22,10021.95054945055,5.765824175824176
2023-06-23,10019.856043956044,5.754065934065935
2023-06-24,10017.761538461538,5.742307692307692
2023-06-25,10015.667032967034,5.730549450549451
2023-06-26,10013.572527472528,5.718791208791209
2023-06-27,10011.478021978022,5.707032967032967
2023-06-28,10009.383516483516,5.695274725274725
2023-06-29,10007.289010989012,5.683516483516484
2023-06-30,10005.194505494506,5.671758241758242
2023-07-01,10003.1,5.66
2023-07-02,10009.645652173913,5.66
2023-07-03,10016.191304347827,5.66
2023-07-04,10022.73695652174,5.66
2023-07-05,10029.282608695652,5.66
2023-07-06,10035.828260869566,5.66
2023-07-07,10042.373913043479,5.66
2023-07-08,10048.919565217391,5.66
2023-07-09,10055.465217391305,5.66
2023-07-10,10062.010869565218,5.66
2023-07-11,10068.55652173913,5.66
2023-07-12,10075.102173913043,5.66
2023-07-13,10081.647826086957,5.66
2023-07-14,10088.19347826087,5.66
2023-07-15,10094.739130434782,5.66
2023-07-16,10101.284782608696,5.66
2023-07-17,10107.830434782609,5.66
2023-07-18,10114.376086956521,5.66
2023-07-19,10120.921739130436,5.66
2023-07-20,10127.467391304348,5.66
2023-07-21,10134.01304347826,5.66
2023-07-22,10140.558695652175,5.66
2023-07-23,10147.104347826087,5.66
2023-07-24,10153.65,5.66
2023-07-25,10160.195652173914,5.66
2023-07-26,10166.741304347826,5.66
2023-07-27,10173.286956521739,5.66
2023-07-28,10179.832608695653,5.66
2023-07-29,10186.378260869566,5.66
2023-07-30,10192.923913043478,5.66
2023-07-31,10199.46956521739,5.66
2023-08-01,10206.015217391305,5.66
2023-08-02,10212.560869565217,5.66
2023-08-03,10219.10652173913,5.66
2023-08-04,10225.652173913044,5.66
2023-08-05,10232.197826086956,5.66
2023-08-06,10238.743478260869,5.66
2023-08-07,10245.289130434783,5.66
2023-08-08,10251.834782608696,5.66
2023-08-09,10258.380434782608,5.66
2023-08-10,10264.926086956522,5.66
2023-08-11,10271.471739130435,5.66
2023-08-12,10278.017391304347,5.66
2023-08-13,10284.563043478262,5.66
2023-08-14,10291.108695652174,5.66
2023-08-15,10297.654347826086,5.66
2023-08-16,10304.2,5.66
2023-08-17,10310.745652173913,5.66
2023-08-18,10317.291304347826,5.66
2023-08-19,10323.836956521738,5.66
2023-08-20,10330.382608695652,5.66
2023-08-21,10336.928260869565,5.66
2023-08-22,10343.473913043477,5.66
2023-08-23,10350.019565217392,5.66
2023-08-24,10356.565217391304,5.66
2023-08-25,10363.110869565216,5.66
2023-08-26,10369.65652173913,5.66
2023-08-27,10376.202173913043,5.66
2023-08-28,10382.747826086956,5.66
2023-08-29,10389.29347826087,5.66
2023-08-30,10395.839130434782,5.66
2023-08-31,10402.384782608695,5.66
2023-09-01,10408.93043478261,5.66
2023-09-02,10415.476086956522,5.66
2023-09-03,10422.021739130434,5.66
2023-09-04,10428.567391304347,5.66
2023-09-05,10435.11304347826,5.66
2023-09-06,10441.658695652173,5.66
2023-09-07,10448.204347826086,5.66
2023-09-08,10454.75,5.66
2023-09-09,10461.295652173912,5.66
2023-09-10,10467.841304347825,5.66
2023-09-11,10474.38695652174,5.66
2023-09-12,10480.932608695652,5.66
2023-09-13,10487.478260869564,5.66
2023-09-14,10494.023913043478,5.66
2023-09-15,10500.56956521739,5.66
2023-09-16,10507.115217391303,5.66
2023-09-17,10513.660869565218,5.66
2023-09-18,10520.20652173913,5.66
2023-09-19,10526.752173913042,5.66
2023-09-20,10533.297826086957,5.66
2023-09-21,10539.84347826087,5.66
2023-09-22,10546.389130434782,5.66
2023-09-23,10552.934782608696,5.66
2023-09-24,10559.480434782608,5.66
2023-09-25,10566.02608695652,5.66
2023-09-26,10572.571739130433,5.66
2023-09-27,10579.117391304348,5.66
2023-09-28,10585.66304347826,5.66
2023-09-29,10592.208695652173,5.66
2023-09-30,10598.754347826087,5.66
2023-10-01,10605.3,5.66
2023-10-02,10612.253260869564,5.674347826086957
2023-10-03,10619.20652173913,5.688695652173913
2023-10-04,10626.159782608695,5.70304347826087
2023-10-05,10633.11304347826,5.717391304347826
2023-10-06,10640.066304347825,5.731739130434783
2023-10-07,10647.01956521739,5.746086956521739
2023-10-08,10653.972826086956,5.760434782608696
2023-10-09,10660.92608695652,5.774782608695652
2023-10-10,10667.879347826087,5.789130434782609
2023-10-11,10674.832608695651,5.803478260869565
2023-10-12,10681.785869565218,5.817826086956522
2023-10-13,10688.739130434782,5.832173913043478
2023-10-14,10695.692391304347,5.846521739130435
2023-10-15,10702.645652173913,5.860869565217391
2023-10-16,10709.598913043477,5.875217391304348
2023-10-17,10716.552173913044,5.889565217391304
2023-10-18,10723.505434782608,5.903913043478261
2023-10-19,10730.458695652173,5.918260869565217
2023-10-20,10737.411956521739,5.932608695652174
2023-10-21,10744.365217391303,5.94695652173913
2023-10-22,10751.31847826087,5.961304347826087
2023-10-23,10758.271739130434,5.975652173913044
2023-10-24,10765.224999999999,5.99
2023-10-25,10772.178260869565,6.004347826086956
2023-10-26,10779.13152173913,6.018695652173913
2023-10-27,10786.084782608696,6.03304347826087
2023-10-28,10793.03804347826,6.047391304347826
2023-10-29,10799.991304347826,6.061739130434783
2023-10-30,10806.94456521739,6.076086956521739
2023-10-31,10813.897826086955,6.090434782608696
2023-11-01,10820.851086956522,6.104782608695652
2023-11-02,10827.804347826086,6.119130434782609
2023-11-03,10834.757608695652,6.133478260869565
2023-11-04,10841.710869565217,6.147826086956522
2023-11-05,10848.664130434781,6.162173913043478
2023-11-06,10855.617391304348,6.176521739130435
2023-11-07,10862.570652173912,6.190869565217391
2023-11-08,10869.523913043478,6.205217391304348
2023-11-09,10876.477173913043,6.219565217391304
2023-11-10,10883.43043478261,6.233913043478261
2023-11-11,10890.383695652174,6.248260869565217
2023-11-12,10897.336956521738,6.262608695652174
2023-11-13,10904.290217391304,6.27695652173913
2023-11-14,10911.243478260869,6.291304347826087
2023-11-15,10918.196739130435,6.305652173913044
2023-11-16,10925.15,6.32
2023-11-17,10932.103260869564,6.334347826086956
2023-11-18,10939.05652173913,6.348695652173913
2023-11-19,10946.009782608695,6.36304347826087
2023-11-20,10952.963043478261,6.377391304347826
2023-11-21,10959.916304347826,6.391739130434783
2023-11-22,10966.86956521739,6.406086956521739
2023-11-23,10973.822826086956,6.420434782608696
2023-11-24,10980.77608695652,6.434782608695652
2023-11-25,10987.729347826087,6.449130434782609
2023-11-26,10994.682608695652,6.463478260869565
2023-11-27,11001.635869565218,6.477826086956522
2023-11-28,11008.589130434782,6.492173913043478
2023-11-29,11015.542391304347,6.506521739130435
2023-11-30,11022.495652173913,6.520869565217391
2023-12-01,11029.448913043478,6.535217391304348
2023-12-02,11036.402173913044,6.549565217391304
2023-12-03,11043.355434782608,6.563913043478261
2023-12-04,11050.308695652173,6.578260869565217
2023-12-05,11057.26195652174,6.592608695652174
2023-12-06,11064.215217391304,6.60695652173913
2023-12-07,11071.16847826087,6.621304347826087
2023-12-08,11078.121739130434,6.635652173913044
2023-12-09,11085.075,6.65
2023-12-10,11092.028260869565,6.664347826086956
2023-12-11,11098.98152173913,6.678695652173913
2023-12-12,11105.934782608696,6.69304347826087
2023-12-13,11112.88804347826,6.707391304347826
2023-12-14,11119.841304347827,6.721739130434782
2023-12-15,11126.794565217391,6.736086956521739
2023-12-16,11133.747826086956,6.750434782608696
2023-12-17,11140.701086956522,6.764782608695652
2023-12-18,11147.654347826086,6.779130434782609
2023-12-19,11154.607608695653,6.793478260869565
2023-12-20,11161.560869565217,6.807826086956522
2023-12-21,11168.514130434782,6.822173913043478
2023-12-22,11175.467391304348,6.836521739130435
2023-12-23,11182.420652173912,6.850869565217391
2023-12-24,11189.373913043479,6.865217391304348
2023-12-25,11196.327173913043,6.879565217391304
2023-12-26,11203.28043478261,6.893913043478261
2023-12-27,11210.233695652174,6.9082608695652175
2023-12-28,11217.186956521738,6.922608695652174
2023-12-29,11224.140217391305,6.9369565217391305
2023-12-30,11231.09347826087,6.951304347826087
2023-12-31,11238.046739130436,6.965652173913044
2024-01-01,11245.0,6.98
2024-01-02,11240.942857142858,6.98
2024-01-03,11236.885714285714,6.98
2024-01-04,11232.828571428572,6.98
2024-01-05,11228.771428571428,6.98
2024-01-06,11224.714285714286,6.98
2024-01-07,11220.657142857142,6.98
2024-01-08,11216.6,6.98
2024-01-09,11212.542857142857,6.98
2024-01-10,11208.485714285714,6.98
2024-01-11,11204.42857142857,6.98
2024-01-12,11200.371428571429,6.98
2024-01-13,11196.314285714285,6.98
2024-01-14,11192.257142857143,6.98
2024-01-15,11188.2,6.98
2024-01-16,11184.142857142857,6.98
2024-01-17,11180.085714285715,6.98
2024-01-18,11176.028571428571,6.98
2024-01-19,11171.971428571429,6.98
2024-01-20,11167.914285714285,6.98
2024-01-21,11163.857142857143,6.98
2024-01-22,11159.8,6.98
2024-01-23,11155.742857142857,6.98
2024-01-24,11151.685714285713,6.98
2024-01-25,11147.628571428571,6.98
2024-01-26,11143.571428571428,6.98
2024-01-27,11139.514285714286,6.98
2024-01-28,11135.457142857143,6.98
2024-01-29,11131.4,6.98
2024-01-30,11127.342857142858,6.98
2024-01-31,11123.285714285714,6.98
2024-02-01,11119.228571428572,6.98
2024-02-02,11115.171428571428,6.98
2024-02-03,11111.114285714286,6.98
2024-02-04,11107.057142857142,6.98
2024-02-05,11103.0,6.98
2024-02-06,11098.942857142856,6.98
2024-02-07,11094.885714285714,6.98
2024-02-08,11090.82857142857,6.98
2024-02-09,11086.771428571428,6.98
2024-02-10,11082.714285714286,6.98
2024-02-11,11078.657142857142,6.98
2024-02-12,11074.6,6.98
2024-02-13,11070.542857142857,6.98
2024-02-14,11066.485714285714,6.98
2024-02-15,11062.42857142857,6.98
2024-02-16,11058.371428571429,6.98
2024-02-17,11054.314285714285,6.98
2024-02-18,11050.257142857143,6.98
2024-02-19,11046.199999999999,6.98
2024-02-20,11042.142857142857,6.98
2024-02-21,11038.085714285713,6.98
2024-02-22,11034.028571428571,6.98
2024-02-23,11029.971428571429,6.98
2024-02-24,11025.914285714285,6.98
2024-02-25,11021.857142857143,6.98
2024-02-26,11017.8,6.98
2024-02-27,11013.742857142857,6.98
2024-02-28,11009.685714285713,6.98
2024-02-29,11005.628571428571,6.98
2024-03-01,11001.571428571428,6.98
2024-03-02,10997.514285714286,6.98
2024-03-03,10993.457142857142,6.98
2024-03-04,10989.4,6.98
2024-03-05,10985.342857142856,6.98
2024-03-06,10981.285714285714,6.98
2024-03-07,10977.228571428572,6.98
2024-03-08,10973.171428571428,6.98
2024-03-09,10969.114285714286,6.98
2024-03-10,10965.057142857142,6.98
2024-03-11,10961.0,6.98
2024-03-12,10956.942857142856,6.98
2024-03-13,10952.885714285714,6.98
2024-03-14,10948.82857142857,6.98
2024-03-15,10944.771428571428,6.98
2024-03-16,10940.714285714284,6.98
2024-03-17,10936.657142857142,6.98
2024-03-18,10932.599999999999,6.98
2024-03-19,10928.542857142857,6.98
2024-03-20,10924.485714285714,6.98
2024-03-21,10920.42857142857,6.98
2024-03-22,10916.371428571429,6.98
2024-03-23,10912.314285714285,6.98
2024-03-24,10908.257142857143,6.98
2024-03-25,10904.199999999999,6.98
2024-03-26,10900.142857142857,6.98
2024-03-27,10896.085714285713,6.98
2024-03-28,10892.028571428571,6.98
2024-03-29,10887.971428571427,6.98
2024-03-30,10883.914285714285,6.98
2024-03-31,10879.857142857141,6.98
2024-04-01,10875.8,6.98
2024-04-02,10869.306593406593,6.98
2024-04-03,10862.813186813186,6.98
2024-04-04,10856.31978021978,6.98
2024-04-05,10849.826373626373,6.98
2024-04-06,10843.332967032966,6.98
2024-04-07,10836.83956043956,6.98
2024-04-08,10830.346153846152,6.98
2024-04-09,10823.852747252746,6.98
2024-04-10,10817.359340659339,6.98
2024-04-11,10810.865934065934,6.98
2024-04-12,10804.372527472528,6.98
2024-04-13,10797.87912087912,6.98
2024-04-14,10791.385714285714,6.98
2024-04-15,10784.892307692307,6.98
2024-04-16,10778.3989010989,6.98
2024-04-17,10771.905494505494,6.98
2024-04-18,10765.412087912087,6.98
2024-04-19,10758.91868131868,6.98
2024-04-20,10752.425274725274,6.98
2024-04-21,10745.931868131867,6.98
2024-04-22,10739.43846153846,6.98
2024-04-23,10732.945054945054,6.98
2024-04-24,10726.451648351647,6.98
2024-04-25,10719.95824175824,6.98
2024-04-26,10713.464835164834,6.98
2024-04-27,10706.971428571427,6.98
2024-04-28,10700.47802197802,6.98
2024-04-29,10693.984615384616,6.98
2024-04-30,10687.491208791209,6.98
2024-05-01,10680.997802197802,6.98
2024-05-02,10674.504395604396,6.98
2024-05-03,10668.010989010989,6.98
2024-05-04,10661.517582417582,6.98
2024-05-05,10655.024175824175,6.98
2024-05-06,10648.530769230769,6.98
2024-05-07,10642.037362637362,6.98
2024-05-08,10635.543956043955,6.98
2024-05-09,10629.050549450549,6.98
2024-05-10,10622.557142857142,6.98
2024-05-11,10616.063736263735,6.98
2024-05-12,10609.570329670329,6.98
2024-05-13,10603.076923076922,6.98
2024-05-14,10596.583516483515,6.98
2024-05-15,10590.090109890109,6.98
2024-05-16,10583.596703296702,6.98
2024-05-17,10577.103296703297,6.98
2024-05-18,10570.60989010989,6.98
2024-05-19,10564.116483516484,6.98
2024-05-20,10557.623076923077,6.98
2024-05-21,10551.12967032967,6.98
2024-05-22,10544.636263736264,6.98
2024-05-23,10538.142857142857,6.98
2024-05-24,10531.64945054945,6.98
2024-05-25,10525.156043956044,6.98
2024-05-26,10518.662637362637,6.98
2024-05-27,10512.16923076923,6.98
2024-05-28,10505.675824175823,6.98
2024-05-29,10499.182417582417,6.98
2024-05-30,10492.68901098901,6.98
2024-05-31,10486.195604395603,6.98
2024-06-01,10479.702197802197,6.98
2024-06-02,10473.20879120879,6.98
2024-06-03,10466.715384615383,6.98
2024-06-04,10460.221978021978,6.98
2024-06-05,10453.728571428572,6.98
2024-06-06,10447.235164835165,6.98
2024-06-07,10440.741758241758,6.98
2024-06-08,10434.248351648352,6.98
2024-06-09,10427.754945054945,6.98
2024-06-10,10421.261538461538,6.98
2024-06-11,10414.768131868132,6.98
2024-06-12,10408.274725274725,6.98
2024-06-13,10401.781318681318,6.98
2024-06-14,10395.287912087912,6.98
2024-06-15,10388.794505494505,6.98
2024-06-16,10382.301098901098,6.98
2024-06-17,10375.807692307691,6.98
2024-06-18,10369.314285714285,6.98
2024-06-19,10362.820879120878,6.98
2024-06-20,10356.327472527471,6.98
2024-06-21,10349.834065934065,6.98
2024-06-22,10343.340659340658,6.98
2024-06-23,10336.847252747253,6.98
2024-06-24,10330.353846153846,6.98
2024-06-25,10323.86043956044,6.98
2024-06-26,10317.367032967033,6.98
2024-06-27,10310.873626373626,6.98
2024-06-28,10304.38021978022,6.98
2024-06-29,10297.886813186813,6.98
2024-06-30,10291.393406593406,6.98
2024-07-01,10284.9,6.98
