,0
2020-01-24 00:00:00+01:00,251.4603
2020-01-27 00:00:00+01:00,251.7743
2020-01-28 00:00:00+01:00,251.36363
2020-01-29 00:00:00+01:00,250.7462
2020-01-30 00:00:00+01:00,250.07854
2020-01-31 00:00:00+01:00,249.27007
2020-02-03 00:00:00+01:00,247.99918
2020-02-04 00:00:00+01:00,246.70226
2020-02-05 00:00:00+01:00,245.82863
2020-02-06 00:00:00+01:00,245.35014
2020-02-07 00:00:00+01:00,245.39969
2020-02-10 00:00:00+01:00,245.92464
2020-02-11 00:00:00+01:00,246.70947
2020-02-12 00:00:00+01:00,247.7266
2020-02-13 00:00:00+01:00,248.71603
2020-02-14 00:00:00+01:00,249.6523
2020-02-17 00:00:00+01:00,250.31578
2020-02-18 00:00:00+01:00,250.73683
2020-02-19 00:00:00+01:00,251.03049
2020-02-20 00:00:00+01:00,251.45105
2020-02-21 00:00:00+01:00,251.5519
2020-02-24 00:00:00+01:00,251.47249
2020-02-25 00:00:00+01:00,250.73221
2020-02-26 00:00:00+01:00,249.45938
2020-02-27 00:00:00+01:00,248.01674
2020-02-28 00:00:00+01:00,246.14928
2020-03-02 00:00:00+01:00,243.83327
2020-03-03 00:00:00+01:00,241.75089
2020-03-04 00:00:00+01:00,240.15157
2020-03-05 00:00:00+01:00,239.38889
2020-03-06 00:00:00+01:00,239.06505
2020-03-09 00:00:00+01:00,238.81729
2020-03-10 00:00:00+01:00,237.69987
2020-03-11 00:00:00+01:00,236.00346
2020-03-12 00:00:00+01:00,233.80801
2020-03-13 00:00:00+01:00,230.53416
2020-03-16 00:00:00+01:00,226.98424
2020-03-17 00:00:00+01:00,223.03168
2020-03-18 00:00:00+01:00,219.90315
2020-03-19 00:00:00+01:00,217.5634
2020-03-20 00:00:00+01:00,216.01843
2020-03-23 00:00:00+01:00,215.01614
2020-03-24 00:00:00+01:00,214.05551
2020-03-25 00:00:00+01:00,214.15189
2020-03-26 00:00:00+01:00,215.73181
2020-03-27 00:00:00+01:00,218.15219
2020-03-30 00:00:00+02:00,220.12706
2020-03-31 00:00:00+02:00,222.0662
2020-04-01 00:00:00+02:00,223.45778
2020-04-02 00:00:00+02:00,224.12875
2020-04-03 00:00:00+02:00,224.58562
2020-04-06 00:00:00+02:00,224.7902
2020-04-07 00:00:00+02:00,224.77966
2020-04-08 00:00:00+02:00,224.89215
2020-04-09 00:00:00+02:00,225.20119
2020-04-14 00:00:00+02:00,225.73936
2020-04-15 00:00:00+02:00,226.69484
2020-04-16 00:00:00+02:00,227.58612
2020-04-17 00:00:00+02:00,228.30704
2020-04-20 00:00:00+02:00,229.05228
2020-04-21 00:00:00+02:00,230.21275
2020-04-22 00:00:00+02:00,231.00111
2020-04-23 00:00:00+02:00,231.64618
2020-04-24 00:00:00+02:00,232.03694
2020-04-27 00:00:00+02:00,232.1122
2020-04-28 00:00:00+02:00,232.15285
2020-04-29 00:00:00+02:00,232.6215
2020-04-30 00:00:00+02:00,233.41493
2020-05-04 00:00:00+02:00,234.85751
2020-05-05 00:00:00+02:00,235.76143
2020-05-06 00:00:00+02:00,236.17949
2020-05-07 00:00:00+02:00,235.99231
2020-05-08 00:00:00+02:00,235.78522
2020-05-11 00:00:00+02:00,235.82509
2020-05-12 00:00:00+02:00,236.14127
2020-05-13 00:00:00+02:00,236.45834
2020-05-14 00:00:00+02:00,236.31926
2020-05-15 00:00:00+02:00,235.69533
2020-05-18 00:00:00+02:00,234.89095
2020-05-19 00:00:00+02:00,234.44669
2020-05-20 00:00:00+02:00,234.13339
2020-05-21 00:00:00+02:00,234.1946
2020-05-22 00:00:00+02:00,234.19957
2020-05-25 00:00:00+02:00,234.16098
2020-05-26 00:00:00+02:00,234.26509
2020-05-27 00:00:00+02:00,234.30453
2020-05-28 00:00:00+02:00,234.46404
2020-05-29 00:00:00+02:00,235.17258
2020-06-01 00:00:00+02:00,236.25984
2020-06-02 00:00:00+02:00,237.33583
2020-06-03 00:00:00+02:00,238.47337
2020-06-04 00:00:00+02:00,240.08846
2020-06-05 00:00:00+02:00,241.67155
2020-06-08 00:00:00+02:00,243.31729
2020-06-09 00:00:00+02:00,244.61963
2020-06-10 00:00:00+02:00,245.70866
2020-06-11 00:00:00+02:00,246.6339
2020-06-12 00:00:00+02:00,247.29588
2020-06-15 00:00:00+02:00,247.68524
2020-06-16 00:00:00+02:00,247.74593
2020-06-17 00:00:00+02:00,248.22702
2020-06-18 00:00:00+02:00,249.15375
2020-06-19 00:00:00+02:00,250.31091
2020-06-22 00:00:00+02:00,251.67976
2020-06-23 00:00:00+02:00,252.95079
2020-06-24 00:00:00+02:00,254.30325
2020-06-25 00:00:00+02:00,255.52983
2020-06-26 00:00:00+02:00,256.71692
2020-06-29 00:00:00+02:00,258.03442
2020-06-30 00:00:00+02:00,259.35745
2020-07-01 00:00:00+02:00,260.62357
2020-07-02 00:00:00+02:00,261.83206
2020-07-03 00:00:00+02:00,263.4898
2020-07-06 00:00:00+02:00,265.12506
2020-07-07 00:00:00+02:00,266.687
2020-07-08 00:00:00+02:00,267.99347
2020-07-09 00:00:00+02:00,268.90073
2020-07-10 00:00:00+02:00,269.58514
2020-07-13 00:00:00+02:00,270.19812
2020-07-14 00:00:00+02:00,270.68143
2020-07-15 00:00:00+02:00,270.94153
2020-07-16 00:00:00+02:00,271.35132
2020-07-17 00:00:00+02:00,271.59393
2020-07-20 00:00:00+02:00,271.90356
2020-07-21 00:00:00+02:00,272.21436
2020-07-22 00:00:00+02:00,272.48315
2020-07-23 00:00:00+02:00,272.5676
2020-07-24 00:00:00+02:00,272.77493
2020-07-27 00:00:00+02:00,272.67685
2020-07-28 00:00:00+02:00,272.44342
2020-07-29 00:00:00+02:00,272.20404
2020-07-30 00:00:00+02:00,272.1163
2020-07-31 00:00:00+02:00,271.85654
2020-08-03 00:00:00+02:00,271.42633
2020-08-04 00:00:00+02:00,270.6424
2020-08-05 00:00:00+02:00,269.89407
2020-08-06 00:00:00+02:00,269.2619
2020-08-07 00:00:00+02:00,268.53946
2020-08-10 00:00:00+02:00,267.72968
2020-08-11 00:00:00+02:00,266.8274
2020-08-12 00:00:00+02:00,265.9939
2020-08-13 00:00:00+02:00,265.53595
2020-08-14 00:00:00+02:00,265.3478
2020-08-17 00:00:00+02:00,265.1081
2020-08-18 00:00:00+02:00,264.87805
2020-08-19 00:00:00+02:00,264.6859
2020-08-20 00:00:00+02:00,264.74448
2020-08-21 00:00:00+02:00,264.72287
2020-08-24 00:00:00+02:00,264.3684
2020-08-25 00:00:00+02:00,264.1044
2020-08-26 00:00:00+02:00,263.92035
2020-08-27 00:00:00+02:00,263.94318
2020-08-28 00:00:00+02:00,264.04294
2020-08-31 00:00:00+02:00,263.99127
2020-09-01 00:00:00+02:00,263.83667
2020-09-02 00:00:00+02:00,263.66388
2020-09-03 00:00:00+02:00,263.70007
2020-09-04 00:00:00+02:00,263.71097
2020-09-07 00:00:00+02:00,263.44138
2020-09-08 00:00:00+02:00,263.28787
2020-09-09 00:00:00+02:00,263.0586
2020-09-10 00:00:00+02:00,263.17844
2020-09-11 00:00:00+02:00,263.43582
2020-09-14 00:00:00+02:00,263.80087
2020-09-15 00:00:00+02:00,264.16318
2020-09-16 00:00:00+02:00,264.6158
2020-09-17 00:00:00+02:00,264.9583
2020-09-18 00:00:00+02:00,265.1582
2020-09-21 00:00:00+02:00,265.0676
2020-09-22 00:00:00+02:00,264.49756
2020-09-23 00:00:00+02:00,263.83417
2020-09-24 00:00:00+02:00,263.35675
2020-09-25 00:00:00+02:00,262.82584
2020-09-28 00:00:00+02:00,262.10428
2020-09-29 00:00:00+02:00,261.7605
2020-09-30 00:00:00+02:00,261.82593
2020-10-01 00:00:00+02:00,261.9123
2020-10-02 00:00:00+02:00,262.2975
2020-10-05 00:00:00+02:00,262.75262
2020-10-06 00:00:00+02:00,263.1557
2020-10-07 00:00:00+02:00,263.4587
2020-10-08 00:00:00+02:00,263.62137
2020-10-09 00:00:00+02:00,263.7128
2020-10-12 00:00:00+02:00,263.97623
2020-10-13 00:00:00+02:00,264.60834
2020-10-14 00:00:00+02:00,265.40414
2020-10-15 00:00:00+02:00,266.43167
2020-10-16 00:00:00+02:00,267.21643
2020-10-19 00:00:00+02:00,268.19043
2020-10-20 00:00:00+02:00,269.0499
2020-10-21 00:00:00+02:00,269.90833
2020-10-22 00:00:00+02:00,270.49564
2020-10-23 00:00:00+02:00,270.79968
2020-10-26 00:00:00+01:00,271.10138
2020-10-27 00:00:00+01:00,271.19235
2020-10-28 00:00:00+01:00,271.2536
2020-10-29 00:00:00+01:00,270.81967
2020-10-30 00:00:00+01:00,270.13446
2020-11-02 00:00:00+01:00,269.25897
2020-11-03 00:00:00+01:00,268.67346
2020-11-04 00:00:00+01:00,268.6519
2020-11-05 00:00:00+01:00,269.51895
2020-11-06 00:00:00+01:00,270.80154
2020-11-09 00:00:00+01:00,272.15613
2020-11-10 00:00:00+01:00,274.27112
2020-11-11 00:00:00+01:00,276.95886
2020-11-12 00:00:00+01:00,280.0321
2020-11-13 00:00:00+01:00,283.05185
2020-11-16 00:00:00+01:00,285.6796
2020-11-17 00:00:00+01:00,288.10095
2020-11-18 00:00:00+01:00,290.19373
2020-11-19 00:00:00+01:00,291.844
2020-11-20 00:00:00+01:00,292.90723
2020-11-23 00:00:00+01:00,293.6245
2020-11-24 00:00:00+01:00,293.75217
2020-11-25 00:00:00+01:00,292.9227
2020-11-26 00:00:00+01:00,292.05444
2020-11-27 00:00:00+01:00,291.2852
2020-11-30 00:00:00+01:00,290.81824
2020-12-01 00:00:00+01:00,290.41534
2020-12-02 00:00:00+01:00,290.0482
2020-12-03 00:00:00+01:00,289.7309
2020-12-04 00:00:00+01:00,289.38324
2020-12-07 00:00:00+01:00,289.11398
2020-12-08 00:00:00+01:00,288.7768
2020-12-09 00:00:00+01:00,288.46692
2020-12-10 00:00:00+01:00,288.03268
2020-12-11 00:00:00+01:00,287.5352
2020-12-14 00:00:00+01:00,287.0759
2020-12-15 00:00:00+01:00,286.67883
2020-12-16 00:00:00+01:00,286.3324
2020-12-17 00:00:00+01:00,286.43158
2020-12-18 00:00:00+01:00,286.52158
2020-12-21 00:00:00+01:00,286.64478
2020-12-22 00:00:00+01:00,286.2223
2020-12-23 00:00:00+01:00,285.85666
2020-12-24 00:00:00+01:00,285.65167
2020-12-28 00:00:00+01:00,285.475
2020-12-29 00:00:00+01:00,285.7151
2020-12-30 00:00:00+01:00,286.3645
2020-12-31 00:00:00+01:00,287.2771
2021-01-04 00:00:00+01:00,288.15625
2021-01-05 00:00:00+01:00,289.01562
2021-01-06 00:00:00+01:00,289.62778
2021-01-07 00:00:00+01:00,290.07272
2021-01-08 00:00:00+01:00,290.32025
2021-01-11 00:00:00+01:00,290.35925
2021-01-12 00:00:00+01:00,290.20126
2021-01-13 00:00:00+01:00,289.6713
2021-01-14 00:00:00+01:00,289.00812
2021-01-15 00:00:00+01:00,288.1036
2021-01-18 00:00:00+01:00,287.13278
2021-01-19 00:00:00+01:00,286.09473
2021-01-20 00:00:00+01:00,285.09155
2021-01-21 00:00:00+01:00,283.97144
2021-01-22 00:00:00+01:00,282.90866
2021-01-25 00:00:00+01:00,282.0421
2021-01-26 00:00:00+01:00,281.50034
2021-01-27 00:00:00+01:00,281.34656
2021-01-28 00:00:00+01:00,281.19717
2021-01-29 00:00:00+01:00,281.05283
2021-02-01 00:00:00+01:00,280.50668
2021-02-02 00:00:00+01:00,280.12143
2021-02-03 00:00:00+01:00,279.96146
2021-02-04 00:00:00+01:00,279.80457
2021-02-05 00:00:00+01:00,279.78665
2021-02-08 00:00:00+01:00,280.28006
2021-02-09 00:00:00+01:00,281.196
2021-02-10 00:00:00+01:00,282.57275
2021-02-11 00:00:00+01:00,284.05612
2021-02-12 00:00:00+01:00,285.3844
2021-02-15 00:00:00+01:00,287.07147
2021-02-16 00:00:00+01:00,288.67667
2021-02-17 00:00:00+01:00,290.05704
2021-02-18 00:00:00+01:00,291.41202
2021-02-19 00:00:00+01:00,292.65356
2021-02-22 00:00:00+01:00,293.70947
2021-02-23 00:00:00+01:00,294.29025
2021-02-24 00:00:00+01:00,294.59644
2021-02-25 00:00:00+01:00,294.45782
2021-02-26 00:00:00+01:00,294.0429
2021-03-01 00:00:00+01:00,293.25003
2021-03-02 00:00:00+01:00,292.44357
2021-03-03 00:00:00+01:00,291.85654
2021-03-04 00:00:00+01:00,291.36017
2021-03-05 00:00:00+01:00,291.13187
2021-03-08 00:00:00+01:00,290.96307
2021-03-09 00:00:00+01:00,290.84262
2021-03-10 00:00:00+01:00,290.89056
2021-03-11 00:00:00+01:00,291.45886
2021-03-12 00:00:00+01:00,292.45068
2021-03-15 00:00:00+01:00,293.723
2021-03-16 00:00:00+01:00,295.0244
2021-03-17 00:00:00+01:00,296.37488
2021-03-18 00:00:00+01:00,297.82043
2021-03-19 00:00:00+01:00,299.00418
2021-03-22 00:00:00+01:00,299.86908
2021-03-23 00:00:00+01:00,300.51172
2021-03-24 00:00:00+01:00,301.0302
2021-03-25 00:00:00+01:00,301.23914
2021-03-26 00:00:00+01:00,301.5067
2021-03-29 00:00:00+02:00,301.83917
2021-03-30 00:00:00+02:00,302.36002
2021-03-31 00:00:00+02:00,303.02805
2021-04-01 00:00:00+02:00,303.68542
2021-04-06 00:00:00+02:00,304.1279
2021-04-07 00:00:00+02:00,304.83362
2021-04-08 00:00:00+02:00,305.62256
2021-04-09 00:00:00+02:00,306.92392
2021-04-12 00:00:00+02:00,308.38165
2021-04-13 00:00:00+02:00,309.76923
2021-04-14 00:00:00+02:00,311.2005
2021-04-15 00:00:00+02:00,312.51617
2021-04-16 00:00:00+02:00,313.8916
2021-04-19 00:00:00+02:00,314.85593
2021-04-20 00:00:00+02:00,315.64987
2021-04-21 00:00:00+02:00,316.2163
2021-04-22 00:00:00+02:00,316.89682
2021-04-23 00:00:00+02:00,317.8906
2021-04-26 00:00:00+02:00,318.87766
2021-04-27 00:00:00+02:00,319.6471
2021-04-28 00:00:00+02:00,320.0917
2021-04-29 00:00:00+02:00,320.47644
2021-04-30 00:00:00+02:00,321.0352
2021-05-03 00:00:00+02:00,321.57523
2021-05-04 00:00:00+02:00,322.3013
2021-05-05 00:00:00+02:00,322.84387
2021-05-06 00:00:00+02:00,323.5166
2021-05-07 00:00:00+02:00,324.31735
2021-05-10 00:00:00+02:00,325.27542
2021-05-11 00:00:00+02:00,326.4132
2021-05-12 00:00:00+02:00,327.23877
2021-05-13 00:00:00+02:00,327.8258
2021-05-14 00:00:00+02:00,328.45563
2021-05-17 00:00:00+02:00,329.19525
2021-05-18 00:00:00+02:00,330.1334
2021-05-19 00:00:00+02:00,330.9268
2021-05-20 00:00:00+02:00,331.48328
2021-05-21 00:00:00+02:00,332.3695
2021-05-24 00:00:00+02:00,333.53314
2021-05-25 00:00:00+02:00,334.9889
2021-05-26 00:00:00+02:00,336.6748
2021-05-27 00:00:00+02:00,338.35144
2021-05-28 00:00:00+02:00,339.8899
2021-05-31 00:00:00+02:00,341.58072
2021-06-01 00:00:00+02:00,343.0639
2021-06-02 00:00:00+02:00,344.4337
2021-06-03 00:00:00+02:00,345.74115
2021-06-04 00:00:00+02:00,347.00067
2021-06-07 00:00:00+02:00,348.35812
2021-06-08 00:00:00+02:00,349.82336
2021-06-09 00:00:00+02:00,351.38025
2021-06-10 00:00:00+02:00,352.9645
2021-06-11 00:00:00+02:00,354.4668
2021-06-14 00:00:00+02:00,355.94687
2021-06-15 00:00:00+02:00,357.34875
2021-06-16 00:00:00+02:00,358.78534
2021-06-17 00:00:00+02:00,360.25235
2021-06-18 00:00:00+02:00,361.7735
2021-06-21 00:00:00+02:00,363.1669
2021-06-22 00:00:00+02:00,364.33786
2021-06-23 00:00:00+02:00,365.20084
2021-06-24 00:00:00+02:00,365.4729
2021-06-25 00:00:00+02:00,365.88248
2021-06-28 00:00:00+02:00,366.05826
2021-06-29 00:00:00+02:00,366.10095
2021-06-30 00:00:00+02:00,365.9179
2021-07-01 00:00:00+02:00,365.17667
2021-07-02 00:00:00+02:00,364.12344
2021-07-05 00:00:00+02:00,362.78513
2021-07-06 00:00:00+02:00,361.3588
2021-07-07 00:00:00+02:00,359.8351
2021-07-08 00:00:00+02:00,358.6951
2021-07-09 00:00:00+02:00,357.1797
2021-07-12 00:00:00+02:00,355.939
2021-07-13 00:00:00+02:00,355.13782
2021-07-14 00:00:00+02:00,354.65726
2021-07-15 00:00:00+02:00,354.46045
2021-07-16 00:00:00+02:00,354.28003
2021-07-19 00:00:00+02:00,354.1849
2021-07-20 00:00:00+02:00,354.06326
2021-07-21 00:00:00+02:00,354.14285
2021-07-22 00:00:00+02:00,354.47876
2021-07-23 00:00:00+02:00,354.9507
2021-07-26 00:00:00+02:00,355.93506
2021-07-27 00:00:00+02:00,356.95462
2021-07-28 00:00:00+02:00,357.94354
2021-07-29 00:00:00+02:00,358.98898
2021-07-30 00:00:00+02:00,359.9473
2021-08-02 00:00:00+02:00,360.85458
2021-08-03 00:00:00+02:00,362.07025
2021-08-04 00:00:00+02:00,363.45645
2021-08-05 00:00:00+02:00,364.95108
2021-08-06 00:00:00+02:00,366.58517
2021-08-09 00:00:00+02:00,368.2476
2021-08-10 00:00:00+02:00,369.82843
2021-08-11 00:00:00+02:00,371.20853
2021-08-12 00:00:00+02:00,372.50912
2021-08-13 00:00:00+02:00,373.88495
2021-08-16 00:00:00+02:00,375.1727
2021-08-17 00:00:00+02:00,376.06732
2021-08-18 00:00:00+02:00,376.76193
2021-08-19 00:00:00+02:00,376.88663
2021-08-20 00:00:00+02:00,376.4098
2021-08-23 00:00:00+02:00,375.8146
2021-08-24 00:00:00+02:00,375.32544
2021-08-25 00:00:00+02:00,374.81314
2021-08-26 00:00:00+02:00,374.31042
2021-08-27 00:00:00+02:00,373.9041
2021-08-30 00:00:00+02:00,373.54974
2021-08-31 00:00:00+02:00,373.45847
2021-09-01 00:00:00+02:00,373.47516
2021-09-02 00:00:00+02:00,373.745
2021-09-03 00:00:00+02:00,374.1862
2021-09-06 00:00:00+02:00,374.39676
2021-09-07 00:00:00+02:00,374.55093
2021-09-08 00:00:00+02:00,374.46725
2021-09-09 00:00:00+02:00,374.30704
2021-09-10 00:00:00+02:00,374.3201
2021-09-13 00:00:00+02:00,374.4694
2021-09-14 00:00:00+02:00,374.6421
2021-09-15 00:00:00+02:00,374.88412
2021-09-16 00:00:00+02:00,374.82635
2021-09-17 00:00:00+02:00,374.03415
2021-09-20 00:00:00+02:00,372.81607
2021-09-21 00:00:00+02:00,370.8093
2021-09-22 00:00:00+02:00,369.10745
2021-09-23 00:00:00+02:00,367.73325
2021-09-24 00:00:00+02:00,366.80185
2021-09-27 00:00:00+02:00,365.67484
2021-09-28 00:00:00+02:00,364.14175
2021-09-29 00:00:00+02:00,361.92346
2021-09-30 00:00:00+02:00,359.46982
2021-10-01 00:00:00+02:00,356.64493
2021-10-04 00:00:00+02:00,354.0458
2021-10-05 00:00:00+02:00,351.732
2021-10-06 00:00:00+02:00,349.8662
2021-10-07 00:00:00+02:00,348.05637
2021-10-08 00:00:00+02:00,346.61752
2021-10-11 00:00:00+02:00,345.23956
2021-10-12 00:00:00+02:00,343.88293
2021-10-13 00:00:00+02:00,342.6061
2021-10-14 00:00:00+02:00,341.86475
2021-10-15 00:00:00+02:00,341.9262
2021-10-18 00:00:00+02:00,342.4421
2021-10-19 00:00:00+02:00,342.99457
2021-10-20 00:00:00+02:00,343.34915
2021-10-21 00:00:00+02:00,343.67062
2021-10-22 00:00:00+02:00,344.2426
2021-10-25 00:00:00+02:00,346.0182
2021-10-26 00:00:00+02:00,348.14868
2021-10-27 00:00:00+02:00,350.7589
2021-10-28 00:00:00+02:00,353.37308
2021-10-29 00:00:00+02:00,356.13394
2021-11-01 00:00:00+01:00,358.89783
2021-11-02 00:00:00+01:00,361.68414
2021-11-03 00:00:00+01:00,364.41528
2021-11-04 00:00:00+01:00,367.2678
2021-11-05 00:00:00+01:00,370.20105
2021-11-08 00:00:00+01:00,373.2329
2021-11-09 00:00:00+01:00,376.1016
2021-11-10 00:00:00+01:00,378.83154
2021-11-11 00:00:00+01:00,381.29486
2021-11-12 00:00:00+01:00,383.45126
2021-11-15 00:00:00+01:00,385.6666
2021-11-16 00:00:00+01:00,387.95026
2021-11-17 00:00:00+01:00,390.3133
2021-11-18 00:00:00+01:00,392.72592
2021-11-19 00:00:00+01:00,394.61557
2021-11-22 00:00:00+01:00,396.23535
2021-11-23 00:00:00+01:00,397.1408
2021-11-24 00:00:00+01:00,397.20993
2021-11-25 00:00:00+01:00,396.8213
2021-11-26 00:00:00+01:00,396.34167
2021-11-29 00:00:00+01:00,395.05835
2021-11-30 00:00:00+01:00,393.35233
2021-12-01 00:00:00+01:00,391.23755
2021-12-02 00:00:00+01:00,389.5066
2021-12-03 00:00:00+01:00,387.63147
2021-12-06 00:00:00+01:00,385.95306
2021-12-07 00:00:00+01:00,384.93787
2021-12-08 00:00:00+01:00,385.31775
2021-12-09 00:00:00+01:00,386.1187
2021-12-10 00:00:00+01:00,387.19324
2021-12-13 00:00:00+01:00,388.4859
2021-12-14 00:00:00+01:00,389.6564
2021-12-15 00:00:00+01:00,390.5274
2021-12-16 00:00:00+01:00,391.29178
2021-12-17 00:00:00+01:00,392.00836
2021-12-20 00:00:00+01:00,392.33624
2021-12-21 00:00:00+01:00,392.2971
2021-12-22 00:00:00+01:00,392.26508
2021-12-23 00:00:00+01:00,392.4689
2021-12-24 00:00:00+01:00,393.00778
2021-12-27 00:00:00+01:00,393.6941
2021-12-28 00:00:00+01:00,394.1858
2021-12-29 00:00:00+01:00,394.70874
2021-12-30 00:00:00+01:00,395.08304
2021-12-31 00:00:00+01:00,395.40332
2022-01-03 00:00:00+01:00,395.50366
2022-01-04 00:00:00+01:00,395.99417
2022-01-05 00:00:00+01:00,396.9898
2022-01-06 00:00:00+01:00,398.038
2022-01-07 00:00:00+01:00,398.17923
2022-01-10 00:00:00+01:00,397.5868
2022-01-11 00:00:00+01:00,395.72092
2022-01-12 00:00:00+01:00,393.31116
2022-01-13 00:00:00+01:00,390.92126
2022-01-14 00:00:00+01:00,388.0234
2022-01-17 00:00:00+01:00,384.4595
2022-01-18 00:00:00+01:00,381.05505
2022-01-19 00:00:00+01:00,377.40454
2022-01-20 00:00:00+01:00,373.90915
2022-01-21 00:00:00+01:00,370.92325
2022-01-24 00:00:00+01:00,368.1161
2022-01-25 00:00:00+01:00,365.0659
2022-01-26 00:00:00+01:00,362.2703
2022-01-27 00:00:00+01:00,359.92712
2022-01-28 00:00:00+01:00,358.05606
2022-01-31 00:00:00+01:00,356.30032
2022-02-01 00:00:00+01:00,355.23987
2022-02-02 00:00:00+01:00,354.71396
2022-02-03 00:00:00+01:00,354.65268
2022-02-04 00:00:00+01:00,354.46692
2022-02-07 00:00:00+01:00,353.95428
2022-02-08 00:00:00+01:00,353.4925
2022-02-09 00:00:00+01:00,352.94373
2022-02-10 00:00:00+01:00,352.52527
2022-02-11 00:00:00+01:00,351.7785
2022-02-14 00:00:00+01:00,350.88507
2022-02-15 00:00:00+01:00,349.32614
2022-02-16 00:00:00+01:00,347.83398
2022-02-17 00:00:00+01:00,346.22006
2022-02-18 00:00:00+01:00,344.71918
2022-02-21 00:00:00+01:00,343.61734
2022-02-22 00:00:00+01:00,341.98962
2022-02-23 00:00:00+01:00,340.29346
2022-02-24 00:00:00+01:00,338.35175
2022-02-25 00:00:00+01:00,336.22018
2022-02-28 00:00:00+01:00,334.87845
2022-03-01 00:00:00+01:00,334.14468
2022-03-02 00:00:00+01:00,333.2305
2022-03-03 00:00:00+01:00,332.49466
2022-03-04 00:00:00+01:00,331.7822
2022-03-07 00:00:00+01:00,330.55734
2022-03-08 00:00:00+01:00,329.42496
2022-03-09 00:00:00+01:00,327.62646
2022-03-10 00:00:00+01:00,327.15543
2022-03-11 00:00:00+01:00,326.4909
2022-03-14 00:00:00+01:00,325.73547
2022-03-15 00:00:00+01:00,325.3824
2022-03-16 00:00:00+01:00,325.21606
2022-03-17 00:00:00+01:00,326.10287
2022-03-18 00:00:00+01:00,327.61124
2022-03-21 00:00:00+01:00,329.5146
2022-03-22 00:00:00+01:00,331.10376
2022-03-23 00:00:00+01:00,332.8949
2022-03-24 00:00:00+01:00,334.33582
2022-03-25 00:00:00+01:00,335.0574
2022-03-28 00:00:00+02:00,335.27496
2022-03-29 00:00:00+02:00,335.4161
2022-03-30 00:00:00+02:00,336.40823
2022-03-31 00:00:00+02:00,337.6839
2022-04-01 00:00:00+02:00,338.89426
2022-04-04 00:00:00+02:00,340.21936
2022-04-05 00:00:00+02:00,341.7237
2022-04-06 00:00:00+02:00,343.44205
2022-04-07 00:00:00+02:00,344.70975
2022-04-08 00:00:00+02:00,345.6843
2022-04-11 00:00:00+02:00,346.4572
2022-04-12 00:00:00+02:00,346.86026
2022-04-13 00:00:00+02:00,346.8537
2022-04-14 00:00:00+02:00,346.45755
2022-04-19 00:00:00+02:00,345.9801
2022-04-20 00:00:00+02:00,344.86606
2022-04-21 00:00:00+02:00,343.60095
2022-04-22 00:00:00+02:00,342.73944
2022-04-25 00:00:00+02:00,341.70242
2022-04-26 00:00:00+02:00,339.98615
2022-04-27 00:00:00+02:00,337.75958
2022-04-28 00:00:00+02:00,335.84122
2022-04-29 00:00:00+02:00,334.55487
2022-05-02 00:00:00+02:00,333.8182
2022-05-03 00:00:00+02:00,332.9412
2022-05-04 00:00:00+02:00,331.65628
2022-05-05 00:00:00+02:00,329.99344
2022-05-06 00:00:00+02:00,328.17206
2022-05-09 00:00:00+02:00,325.59033
2022-05-10 00:00:00+02:00,322.03763
2022-05-11 00:00:00+02:00,318.39313
2022-05-12 00:00:00+02:00,315.78107
2022-05-13 00:00:00+02:00,313.8733
2022-05-16 00:00:00+02:00,313.08423
2022-05-17 00:00:00+02:00,312.7424
2022-05-18 00:00:00+02:00,312.7281
2022-05-19 00:00:00+02:00,312.19772
2022-05-20 00:00:00+02:00,310.97162
2022-05-23 00:00:00+02:00,309.3583
2022-05-24 00:00:00+02:00,307.9509
2022-05-25 00:00:00+02:00,306.43857
2022-05-26 00:00:00+02:00,304.91058
2022-05-27 00:00:00+02:00,303.7318
2022-05-30 00:00:00+02:00,303.58752
2022-05-31 00:00:00+02:00,304.4742
2022-06-01 00:00:00+02:00,305.74252
2022-06-02 00:00:00+02:00,306.78336
2022-06-03 00:00:00+02:00,308.2239
2022-06-06 00:00:00+02:00,309.56992
2022-06-07 00:00:00+02:00,311.08862
2022-06-08 00:00:00+02:00,312.27643
2022-06-09 00:00:00+02:00,313.17142
2022-06-10 00:00:00+02:00,313.56644
2022-06-13 00:00:00+02:00,313.19092
2022-06-14 00:00:00+02:00,311.99796
2022-06-15 00:00:00+02:00,309.99576
2022-06-16 00:00:00+02:00,307.97162
2022-06-17 00:00:00+02:00,305.8706
2022-06-20 00:00:00+02:00,304.03955
2022-06-21 00:00:00+02:00,302.52982
2022-06-22 00:00:00+02:00,301.72247
2022-06-23 00:00:00+02:00,301.46402
2022-06-24 00:00:00+02:00,301.93054
2022-06-27 00:00:00+02:00,303.59824
2022-06-28 00:00:00+02:00,305.74725
2022-06-29 00:00:00+02:00,307.8514
2022-06-30 00:00:00+02:00,309.7959
2022-07-01 00:00:00+02:00,311.44223
2022-07-04 00:00:00+02:00,312.81595
2022-07-05 00:00:00+02:00,314.07578
2022-07-06 00:00:00+02:00,315.1713
2022-07-07 00:00:00+02:00,317.06015
2022-07-08 00:00:00+02:00,319.068
2022-07-11 00:00:00+02:00,320.2364
2022-07-12 00:00:00+02:00,320.7834
2022-07-13 00:00:00+02:00,321.4701
2022-07-14 00:00:00+02:00,322.0185
2022-07-15 00:00:00+02:00,322.37985
2022-07-18 00:00:00+02:00,322.93515
2022-07-19 00:00:00+02:00,323.67218
2022-07-20 00:00:00+02:00,324.76627
2022-07-21 00:00:00+02:00,325.82104
2022-07-22 00:00:00+02:00,326.96243
2022-07-25 00:00:00+02:00,328.47275
2022-07-26 00:00:00+02:00,330.11578
2022-07-27 00:00:00+02:00,331.81027
2022-07-28 00:00:00+02:00,333.47882
2022-07-29 00:00:00+02:00,334.96692
2022-08-01 00:00:00+02:00,337.04752
2022-08-02 00:00:00+02:00,339.4108
2022-08-03 00:00:00+02:00,341.47833
2022-08-04 00:00:00+02:00,343.10626
2022-08-05 00:00:00+02:00,344.66312
2022-08-08 00:00:00+02:00,345.5887
2022-08-09 00:00:00+02:00,346.25223
2022-08-10 00:00:00+02:00,346.6087
2022-08-11 00:00:00+02:00,346.85672
2022-08-12 00:00:00+02:00,346.97705
2022-08-15 00:00:00+02:00,346.99036
2022-08-16 00:00:00+02:00,347.13394
2022-08-17 00:00:00+02:00,347.30917
2022-08-18 00:00:00+02:00,347.5961
2022-08-19 00:00:00+02:00,347.8891
2022-08-22 00:00:00+02:00,348.07117
2022-08-23 00:00:00+02:00,348.16205
2022-08-24 00:00:00+02:00,347.73138
2022-08-25 00:00:00+02:00,347.40613
2022-08-26 00:00:00+02:00,347.08978
2022-08-29 00:00:00+02:00,346.3974
2022-08-30 00:00:00+02:00,345.17877
2022-08-31 00:00:00+02:00,343.4702
2022-09-01 00:00:00+02:00,341.60953
2022-09-02 00:00:00+02:00,339.46942
2022-09-05 00:00:00+02:00,337.6829
2022-09-06 00:00:00+02:00,336.02567
2022-09-07 00:00:00+02:00,334.66937
2022-09-08 00:00:00+02:00,333.47983
2022-09-09 00:00:00+02:00,332.44373
2022-09-12 00:00:00+02:00,331.78418
2022-09-13 00:00:00+02:00,331.80945
2022-09-14 00:00:00+02:00,331.9955
2022-09-15 00:00:00+02:00,332.0755
2022-09-16 00:00:00+02:00,331.97208
2022-09-19 00:00:00+02:00,331.54962
2022-09-20 00:00:00+02:00,330.61102
2022-09-21 00:00:00+02:00,329.48193
2022-09-22 00:00:00+02:00,328.49542
2022-09-23 00:00:00+02:00,327.1155
2022-09-26 00:00:00+02:00,325.44946
2022-09-27 00:00:00+02:00,323.8897
2022-09-28 00:00:00+02:00,322.30655
2022-09-29 00:00:00+02:00,320.77374
2022-09-30 00:00:00+02:00,319.2602
2022-10-03 00:00:00+02:00,318.25882
2022-10-04 00:00:00+02:00,317.41473
2022-10-05 00:00:00+02:00,317.39938
2022-10-06 00:00:00+02:00,317.72495
2022-10-07 00:00:00+02:00,318.16367
2022-10-10 00:00:00+02:00,318.28964
2022-10-11 00:00:00+02:00,318.02707
2022-10-12 00:00:00+02:00,317.71152
2022-10-13 00:00:00+02:00,317.44507
2022-10-14 00:00:00+02:00,316.73837
2022-10-17 00:00:00+02:00,316.1691
2022-10-18 00:00:00+02:00,315.83783
2022-10-19 00:00:00+02:00,315.7658
2022-10-20 00:00:00+02:00,315.70404
2022-10-21 00:00:00+02:00,315.7498
2022-10-24 00:00:00+02:00,314.73398
2022-10-25 00:00:00+02:00,313.50906
2022-10-26 00:00:00+02:00,312.55148
2022-10-27 00:00:00+02:00,311.6996
2022-10-28 00:00:00+02:00,310.72748
2022-10-31 00:00:00+01:00,309.6579
2022-11-01 00:00:00+01:00,308.82245
2022-11-02 00:00:00+01:00,308.14148
2022-11-03 00:00:00+01:00,307.03662
2022-11-04 00:00:00+01:00,305.3447
2022-11-07 00:00:00+01:00,304.60373
2022-11-08 00:00:00+01:00,304.57208
2022-11-09 00:00:00+01:00,305.23312
2022-11-10 00:00:00+01:00,306.28046
2022-11-11 00:00:00+01:00,308.1332
2022-11-14 00:00:00+01:00,310.83923
2022-11-15 00:00:00+01:00,313.87418
2022-11-16 00:00:00+01:00,316.70605
2022-11-17 00:00:00+01:00,319.4145
2022-11-18 00:00:00+01:00,321.93976
2022-11-21 00:00:00+01:00,324.2903
2022-11-22 00:00:00+01:00,326.39755
2022-11-23 00:00:00+01:00,328.02017
2022-11-24 00:00:00+01:00,329.49985
2022-11-25 00:00:00+01:00,330.93317
2022-11-28 00:00:00+01:00,332.18323
2022-11-29 00:00:00+01:00,333.38934
2022-11-30 00:00:00+01:00,334.18268
2022-12-01 00:00:00+01:00,335.1125
2022-12-02 00:00:00+01:00,336.2694
2022-12-05 00:00:00+01:00,337.6263
2022-12-06 00:00:00+01:00,338.7847
2022-12-07 00:00:00+01:00,339.8835
2022-12-08 00:00:00+01:00,340.7279
2022-12-09 00:00:00+01:00,341.2829
2022-12-12 00:00:00+01:00,341.62872
2022-12-13 00:00:00+01:00,341.5117
2022-12-14 00:00:00+01:00,341.3969
2022-12-15 00:00:00+01:00,341.35312
2022-12-16 00:00:00+01:00,340.38712
2022-12-19 00:00:00+01:00,338.7386
2022-12-20 00:00:00+01:00,336.73587
2022-12-21 00:00:00+01:00,334.34042
2022-12-22 00:00:00+01:00,332.45013
2022-12-23 00:00:00+01:00,330.6505
2022-12-27 00:00:00+01:00,328.93594
2022-12-28 00:00:00+01:00,327.58542
2022-12-29 00:00:00+01:00,326.456
2022-12-30 00:00:00+01:00,325.72696
2023-01-02 00:00:00+01:00,324.98364
2023-01-03 00:00:00+01:00,324.491
2023-01-04 00:00:00+01:00,324.2553
2023-01-05 00:00:00+01:00,325.23654
2023-01-06 00:00:00+01:00,326.75482
2023-01-09 00:00:00+01:00,328.7811
2023-01-10 00:00:00+01:00,331.4186
2023-01-11 00:00:00+01:00,334.17218
2023-01-12 00:00:00+01:00,337.03195
2023-01-13 00:00:00+01:00,339.7474
2023-01-16 00:00:00+01:00,342.6111
2023-01-17 00:00:00+01:00,345.59143
2023-01-18 00:00:00+01:00,349.0212
2023-01-19 00:00:00+01:00,352.2999
2023-01-20 00:00:00+01:00,354.8786
2023-01-23 00:00:00+01:00,357.1098
2023-01-24 00:00:00+01:00,359.1394
2023-01-25 00:00:00+01:00,360.70917
2023-01-26 00:00:00+01:00,362.00977
2023-01-27 00:00:00+01:00,363.30075
2023-01-30 00:00:00+01:00,364.093
2023-01-31 00:00:00+01:00,364.65088
2023-02-01 00:00:00+01:00,364.89322
2023-02-02 00:00:00+01:00,364.59546
2023-02-03 00:00:00+01:00,364.2878
2023-02-06 00:00:00+01:00,364.39557
2023-02-07 00:00:00+01:00,364.592
2023-02-08 00:00:00+01:00,364.5322
2023-02-09 00:00:00+01:00,364.23874
2023-02-10 00:00:00+01:00,364.02295
2023-02-13 00:00:00+01:00,363.67538
2023-02-14 00:00:00+01:00,364.10248
2023-02-15 00:00:00+01:00,364.84125
2023-02-16 00:00:00+01:00,365.86188
2023-02-17 00:00:00+01:00,367.08475
2023-02-20 00:00:00+01:00,367.9421
2023-02-21 00:00:00+01:00,368.3219
2023-02-22 00:00:00+01:00,368.68292
2023-02-23 00:00:00+01:00,369.02536
2023-02-24 00:00:00+01:00,369.22485
2023-02-27 00:00:00+01:00,368.65106
2023-02-28 00:00:00+01:00,367.97037
2023-03-01 00:00:00+01:00,367.0692
2023-03-02 00:00:00+01:00,365.90817
2023-03-03 00:00:00+01:00,365.03662
2023-03-06 00:00:00+01:00,364.4717
2023-03-07 00:00:00+01:00,364.03055
2023-03-08 00:00:00+01:00,363.62643
2023-03-09 00:00:00+01:00,363.21863
2023-03-10 00:00:00+01:00,362.81476
2023-03-13 00:00:00+01:00,362.3179
2023-03-14 00:00:00+01:00,361.7626
2023-03-15 00:00:00+01:00,361.4663
2023-03-16 00:00:00+01:00,360.9586
2023-03-17 00:00:00+01:00,361.1039
2023-03-20 00:00:00+01:00,361.41602
2023-03-21 00:00:00+01:00,362.21298
2023-03-22 00:00:00+01:00,363.16843
2023-03-23 00:00:00+01:00,364.65088
2023-03-24 00:00:00+01:00,366.57193
2023-03-27 00:00:00+02:00,368.67242
2023-03-28 00:00:00+02:00,370.91003
2023-03-29 00:00:00+02:00,372.94244
2023-03-30 00:00:00+02:00,375.01614
2023-03-31 00:00:00+02:00,377.13803
2023-04-03 00:00:00+02:00,379.493
2023-04-04 00:00:00+02:00,382.08542
2023-04-05 00:00:00+02:00,384.9476
2023-04-06 00:00:00+02:00,387.9902
2023-04-11 00:00:00+02:00,390.15002
2023-04-12 00:00:00+02:00,392.08328
2023-04-13 00:00:00+02:00,393.45123
2023-04-14 00:00:00+02:00,395.104
2023-04-17 00:00:00+02:00,396.60147
2023-04-18 00:00:00+02:00,398.06604
2023-04-19 00:00:00+02:00,399.48328
2023-04-20 00:00:00+02:00,400.66452
2023-04-21 00:00:00+02:00,402.06024
2023-04-24 00:00:00+02:00,404.25595
2023-04-25 00:00:00+02:00,406.46243
2023-04-26 00:00:00+02:00,408.27197
2023-04-27 00:00:00+02:00,409.8182
2023-04-28 00:00:00+02:00,411.83673
2023-05-02 00:00:00+02:00,413.93466
2023-05-03 00:00:00+02:00,415.836
2023-05-04 00:00:00+02:00,417.38315
2023-05-05 00:00:00+02:00,418.1712
2023-05-08 00:00:00+02:00,418.65897
2023-05-09 00:00:00+02:00,419.15646
2023-05-10 00:00:00+02:00,419.28015
2023-05-11 00:00:00+02:00,418.84497
2023-05-12 00:00:00+02:00,418.49597
2023-05-15 00:00:00+02:00,418.04645
2023-05-16 00:00:00+02:00,417.5718
2023-05-17 00:00:00+02:00,417.00854
2023-05-18 00:00:00+02:00,416.1822
2023-05-19 00:00:00+02:00,415.3424
2023-05-22 00:00:00+02:00,414.81854
2023-05-23 00:00:00+02:00,414.33652
2023-05-24 00:00:00+02:00,413.5432
2023-05-25 00:00:00+02:00,412.09988
2023-05-26 00:00:00+02:00,410.52237
2023-05-29 00:00:00+02:00,409.21362
2023-05-30 00:00:00+02:00,407.96524
2023-05-31 00:00:00+02:00,406.59497
2023-06-01 00:00:00+02:00,404.92554
2023-06-02 00:00:00+02:00,403.2528
2023-06-05 00:00:00+02:00,402.1388
2023-06-06 00:00:00+02:00,401.25214
2023-06-07 00:00:00+02:00,400.46414
2023-06-08 00:00:00+02:00,399.61002
2023-06-09 00:00:00+02:00,398.88885
2023-06-12 00:00:00+02:00,398.28085
2023-06-13 00:00:00+02:00,397.91315
2023-06-14 00:00:00+02:00,397.8296
2023-06-15 00:00:00+02:00,398.27664
2023-06-16 00:00:00+02:00,398.86597
2023-06-19 00:00:00+02:00,399.82562
2023-06-20 00:00:00+02:00,400.79434
2023-06-21 00:00:00+02:00,401.74463
2023-06-22 00:00:00+02:00,402.33347
2023-06-23 00:00:00+02:00,402.57062
2023-06-26 00:00:00+02:00,402.58792
2023-06-27 00:00:00+02:00,402.32022
2023-06-28 00:00:00+02:00,402.09772
2023-06-29 00:00:00+02:00,402.34735
2023-06-30 00:00:00+02:00,403.17
2023-07-03 00:00:00+02:00,404.73117
2023-07-04 00:00:00+02:00,406.42065
2023-07-05 00:00:00+02:00,408.1242
2023-07-06 00:00:00+02:00,409.60208
2023-07-07 00:00:00+02:00,410.0303
2023-07-10 00:00:00+02:00,409.49008
2023-07-11 00:00:00+02:00,408.5984
2023-07-12 00:00:00+02:00,407.72232
2023-07-13 00:00:00+02:00,407.2134
2023-07-14 00:00:00+02:00,407.17947
2023-07-17 00:00:00+02:00,407.64102
2023-07-18 00:00:00+02:00,407.90778
2023-07-19 00:00:00+02:00,407.71762
2023-07-20 00:00:00+02:00,407.14758
2023-07-21 00:00:00+02:00,406.06226
2023-07-24 00:00:00+02:00,405.35068
2023-07-25 00:00:00+02:00,404.67365
2023-07-26 00:00:00+02:00,404.207
2023-07-27 00:00:00+02:00,403.71652
2023-07-28 00:00:00+02:00,403.58603
2023-07-31 00:00:00+02:00,404.16913
2023-08-01 00:00:00+02:00,405.28012
2023-08-02 00:00:00+02:00,406.2114
2023-08-03 00:00:00+02:00,406.86725
2023-08-04 00:00:00+02:00,407.2124
2023-08-07 00:00:00+02:00,407.33286
2023-08-08 00:00:00+02:00,407.09995
2023-08-09 00:00:00+02:00,406.48334
2023-08-10 00:00:00+02:00,405.7645
2023-08-11 00:00:00+02:00,405.76596
2023-08-14 00:00:00+02:00,405.76993
2023-08-15 00:00:00+02:00,405.9828
2023-08-16 00:00:00+02:00,405.88077
2023-08-17 00:00:00+02:00,405.56186
2023-08-18 00:00:00+02:00,404.82217
2023-08-21 00:00:00+02:00,403.6098
2023-08-22 00:00:00+02:00,402.17642
2023-08-23 00:00:00+02:00,400.58957
2023-08-24 00:00:00+02:00,399.30847
2023-08-25 00:00:00+02:00,398.22296
2023-08-28 00:00:00+02:00,397.3904
2023-08-29 00:00:00+02:00,396.98807
2023-08-30 00:00:00+02:00,397.10602
2023-08-31 00:00:00+02:00,397.58658
2023-09-01 00:00:00+02:00,397.99985
2023-09-04 00:00:00+02:00,398.32184
2023-09-05 00:00:00+02:00,398.605
2023-09-06 00:00:00+02:00,398.73236
2023-09-07 00:00:00+02:00,398.41876
2023-09-08 00:00:00+02:00,397.8775
2023-09-11 00:00:00+02:00,397.58286
2023-09-12 00:00:00+02:00,397.61993
2023-09-13 00:00:00+02:00,397.497
2023-09-14 00:00:00+02:00,397.06512
2023-09-15 00:00:00+02:00,396.7504
2023-09-18 00:00:00+02:00,397.00198
2023-09-19 00:00:00+02:00,397.22952
2023-09-20 00:00:00+02:00,397.1952
2023-09-21 00:00:00+02:00,397.59625
2023-09-22 00:00:00+02:00,397.59665
2023-09-25 00:00:00+02:00,397.29117
2023-09-26 00:00:00+02:00,396.40442
2023-09-27 00:00:00+02:00,394.98862
2023-09-28 00:00:00+02:00,393.28848
2023-09-29 00:00:00+02:00,391.73425
2023-10-02 00:00:00+02:00,390.52994
2023-10-03 00:00:00+02:00,389.6359
2023-10-04 00:00:00+02:00,388.87225
2023-10-05 00:00:00+02:00,388.25067
2023-10-06 00:00:00+02:00,387.7117
2023-10-09 00:00:00+02:00,387.43118
2023-10-10 00:00:00+02:00,386.8879
2023-10-11 00:00:00+02:00,386.8801
2023-10-12 00:00:00+02:00,387.12372
2023-10-13 00:00:00+02:00,387.29095
2023-10-16 00:00:00+02:00,386.89127
2023-10-17 00:00:00+02:00,386.3133
2023-10-18 00:00:00+02:00,385.69662
2023-10-19 00:00:00+02:00,384.8309
2023-10-20 00:00:00+02:00,384.06033
2023-10-23 00:00:00+02:00,383.02725
2023-10-24 00:00:00+02:00,382.3064
2023-10-25 00:00:00+02:00,382.24753
2023-10-26 00:00:00+02:00,382.8932
2023-10-27 00:00:00+02:00,383.55515
2023-10-30 00:00:00+01:00,384.043
2023-10-31 00:00:00+01:00,384.49298
2023-11-01 00:00:00+01:00,385.13995
2023-11-02 00:00:00+01:00,385.91302
2023-11-03 00:00:00+01:00,387.09485
2023-11-06 00:00:00+01:00,388.47128
2023-11-07 00:00:00+01:00,389.85043
2023-11-08 00:00:00+01:00,391.28983
2023-11-09 00:00:00+01:00,393.28226
2023-11-10 00:00:00+01:00,395.68835
2023-11-13 00:00:00+01:00,397.908
2023-11-14 00:00:00+01:00,399.9155
2023-11-15 00:00:00+01:00,402.27548
2023-11-16 00:00:00+01:00,404.64542
2023-11-17 00:00:00+01:00,406.70474
2023-11-20 00:00:00+01:00,408.63516
2023-11-21 00:00:00+01:00,410.23038
2023-11-22 00:00:00+01:00,411.7644
2023-11-23 00:00:00+01:00,413.40076
2023-11-24 00:00:00+01:00,414.96677
2023-11-27 00:00:00+01:00,416.52847
2023-11-28 00:00:00+01:00,418.07846
2023-11-29 00:00:00+01:00,419.388
2023-11-30 00:00:00+01:00,420.54547
2023-12-01 00:00:00+01:00,421.4884
2023-12-04 00:00:00+01:00,422.552
2023-12-05 00:00:00+01:00,423.65787
2023-12-06 00:00:00+01:00,424.89267
2023-12-07 00:00:00+01:00,426.22455
2023-12-08 00:00:00+01:00,427.37207
2023-12-11 00:00:00+01:00,428.53696
2023-12-12 00:00:00+01:00,429.74927
2023-12-13 00:00:00+01:00,430.96432
2023-12-14 00:00:00+01:00,432.15115
2023-12-15 00:00:00+01:00,433.1329
2023-12-18 00:00:00+01:00,434.1151
2023-12-19 00:00:00+01:00,435.08508
2023-12-20 00:00:00+01:00,436.18527
2023-12-21 00:00:00+01:00,437.20053
2023-12-22 00:00:00+01:00,438.04312
2023-12-27 00:00:00+01:00,438.6925
2023-12-28 00:00:00+01:00,439.25458
2023-12-29 00:00:00+01:00,439.88223
2024-01-02 00:00:00+01:00,440.466
2024-01-03 00:00:00+01:00,440.57684
2024-01-04 00:00:00+01:00,440.10605
2024-01-05 00:00:00+01:00,439.22977
2024-01-08 00:00:00+01:00,437.9714
2024-01-09 00:00:00+01:00,436.81085
2024-01-10 00:00:00+01:00,435.89047
2024-01-11 00:00:00+01:00,435.13553
2024-01-12 00:00:00+01:00,434.61768
2024-01-15 00:00:00+01:00,434.50735
2024-01-16 00:00:00+01:00,433.36835
2024-01-17 00:00:00+01:00,431.75232
2024-01-18 00:00:00+01:00,429.77518
2024-01-19 00:00:00+01:00,427.94565
2024-01-22 00:00:00+01:00,426.30502
2024-01-23 00:00:00+01:00,424.7894
2024-01-24 00:00:00+01:00,423.54935
2024-01-25 00:00:00+01:00,422.69955
2024-01-26 00:00:00+01:00,422.3404
2024-01-29 00:00:00+01:00,423.06354
2024-01-30 00:00:00+01:00,424.3529
2024-01-31 00:00:00+01:00,426.0158
2024-02-01 00:00:00+01:00,427.71173
2024-02-02 00:00:00+01:00,429.61426
2024-02-05 00:00:00+01:00,431.4188
2024-02-06 00:00:00+01:00,433.54953
2024-02-07 00:00:00+01:00,435.62598
2024-02-08 00:00:00+01:00,437.44525
2024-02-09 00:00:00+01:00,439.06042
2024-02-12 00:00:00+01:00,438.38455
2024-02-13 00:00:00+01:00,437.01727
2024-02-14 00:00:00+01:00,435.23987
2024-02-15 00:00:00+01:00,433.51114
2024-02-16 00:00:00+01:00,432.2916
2024-02-19 00:00:00+01:00,431.71893
2024-02-20 00:00:00+01:00,431.4985
2024-02-21 00:00:00+01:00,431.64865
2024-02-22 00:00:00+01:00,432.0703
2024-02-23 00:00:00+01:00,433.03043
2024-02-26 00:00:00+01:00,434.1924
2024-02-27 00:00:00+01:00,435.44055
2024-02-28 00:00:00+01:00,436.7104
2024-02-29 00:00:00+01:00,437.62903
2024-03-01 00:00:00+01:00,437.99857
2024-03-04 00:00:00+01:00,438.03607
2024-03-05 00:00:00+01:00,437.9653
2024-03-06 00:00:00+01:00,437.51053
2024-03-07 00:00:00+01:00,436.846
2024-03-08 00:00:00+01:00,436.52435
2024-03-11 00:00:00+01:00,436.63297
2024-03-12 00:00:00+01:00,436.9443
2024-03-13 00:00:00+01:00,437.50467
2024-03-14 00:00:00+01:00,438.39618
2024-03-15 00:00:00+01:00,439.25244
2024-03-18 00:00:00+01:00,439.73795
2024-03-19 00:00:00+01:00,439.7041
2024-03-20 00:00:00+01:00,439.34366
2024-03-21 00:00:00+01:00,438.53632
2024-03-22 00:00:00+01:00,437.40335
2024-03-25 00:00:00+01:00,436.00156
2024-03-26 00:00:00+01:00,434.68997
2024-03-27 00:00:00+01:00,433.41287
2024-03-28 00:00:00+01:00,432.5393
2024-04-02 00:00:00+02:00,431.93195
2024-04-03 00:00:00+02:00,431.06125
2024-04-04 00:00:00+02:00,429.5211
2024-04-05 00:00:00+02:00,427.62964
2024-04-08 00:00:00+02:00,425.1693
2024-04-09 00:00:00+02:00,422.43137
2024-04-10 00:00:00+02:00,419.9473
2024-04-11 00:00:00+02:00,417.72632
2024-04-12 00:00:00+02:00,416.03207
2024-04-15 00:00:00+02:00,414.49158
2024-04-16 00:00:00+02:00,413.20526
2024-04-17 00:00:00+02:00,412.1305
2024-04-18 00:00:00+02:00,411.44284
2024-04-19 00:00:00+02:00,411.35242
2024-04-22 00:00:00+02:00,412.91458
2024-04-23 00:00:00+02:00,415.11224
2024-04-24 00:00:00+02:00,417.56232
2024-04-25 00:00:00+02:00,419.99878
2024-04-26 00:00:00+02:00,422.01477
2024-04-29 00:00:00+02:00,424.06433
2024-04-30 00:00:00+02:00,426.0497
2024-05-02 00:00:00+02:00,428.06827
2024-05-03 00:00:00+02:00,429.798
2024-05-06 00:00:00+02:00,431.51138
2024-05-07 00:00:00+02:00,433.22964
2024-05-08 00:00:00+02:00,434.9584
2024-05-09 00:00:00+02:00,436.71603
2024-05-10 00:00:00+02:00,438.79602
2024-05-13 00:00:00+02:00,440.90692
2024-05-14 00:00:00+02:00,443.03998
2024-05-15 00:00:00+02:00,445.13638
2024-05-16 00:00:00+02:00,447.07568
2024-05-17 00:00:00+02:00,448.60202
2024-05-20 00:00:00+02:00,449.43265
2024-05-21 00:00:00+02:00,449.88028
2024-05-22 00:00:00+02:00,449.97818
2024-05-23 00:00:00+02:00,450.2126
2024-05-24 00:00:00+02:00,450.34964
2024-05-27 00:00:00+02:00,450.20364
2024-05-28 00:00:00+02:00,450.022
2024-05-29 00:00:00+02:00,449.5971
2024-05-30 00:00:00+02:00,448.73007
2024-05-31 00:00:00+02:00,447.92328
2024-06-03 00:00:00+02:00,447.63962
2024-06-04 00:00:00+02:00,447.5002
2024-06-05 00:00:00+02:00,447.63837
2024-06-06 00:00:00+02:00,448.145
2024-06-07 00:00:00+02:00,448.873
2024-06-10 00:00:00+02:00,449.64468
2024-06-11 00:00:00+02:00,450.23035
2024-06-12 00:00:00+02:00,450.60544
2024-06-13 00:00:00+02:00,451.07294
2024-06-14 00:00:00+02:00,451.28802
2024-06-17 00:00:00+02:00,450.71027
2024-06-18 00:00:00+02:00,450.09875
2024-06-19 00:00:00+02:00,449.15866
2024-06-20 00:00:00+02:00,447.7855
2024-06-21 00:00:00+02:00,446.60385
2024-06-24 00:00:00+02:00,445.4712
2024-06-25 00:00:00+02:00,444.5278
2024-06-26 00:00:00+02:00,443.41092
2024-06-27 00:00:00+02:00,442.3346
2024-06-28 00:00:00+02:00,440.44418
2024-07-01 00:00:00+02:00,437.41937
2024-07-02 00:00:00+02:00,434.03973
2024-07-03 00:00:00+02:00,430.23138
2024-07-04 00:00:00+02:00,426.3854
2024-07-05 00:00:00+02:00,422.89923
2024-07-08 00:00:00+02:00,419.9601
2024-07-09 00:00:00+02:00,417.24554
2024-07-10 00:00:00+02:00,414.5107
2024-07-11 00:00:00+02:00,412.14542
2024-07-12 00:00:00+02:00,410.2722
2024-07-15 00:00:00+02:00,409.24628
2024-07-16 00:00:00+02:00,408.40265
2024-07-17 00:00:00+02:00,407.35135
2024-07-18 00:00:00+02:00,406.4705
2024-07-19 00:00:00+02:00,405.9049
2024-07-22 00:00:00+02:00,405.45547
2024-07-23 00:00:00+02:00,405.41092
2024-07-24 00:00:00+02:00,405.32306
2024-07-25 00:00:00+02:00,404.82944
2024-07-26 00:00:00+02:00,403.76935
2024-07-29 00:00:00+02:00,402.8348
2024-07-30 00:00:00+02:00,401.6387
2024-07-31 00:00:00+02:00,400.34772
2024-08-01 00:00:00+02:00,399.58954
2024-08-02 00:00:00+02:00,398.3991
2024-08-05 00:00:00+02:00,396.62323
2024-08-06 00:00:00+02:00,394.84875
2024-08-07 00:00:00+02:00,393.1921
2024-08-08 00:00:00+02:00,392.05975
2024-08-09 00:00:00+02:00,390.998
2024-08-12 00:00:00+02:00,389.85373
2024-08-13 00:00:00+02:00,388.3601
2024-08-14 00:00:00+02:00,386.76425
2024-08-15 00:00:00+02:00,385.43298
2024-08-16 00:00:00+02:00,384.56192
2024-08-19 00:00:00+02:00,384.0895
2024-08-20 00:00:00+02:00,383.91022
2024-08-21 00:00:00+02:00,383.8854
2024-08-22 00:00:00+02:00,384.2924
2024-08-23 00:00:00+02:00,385.03864
2024-08-26 00:00:00+02:00,386.0785
2024-08-27 00:00:00+02:00,387.28888
2024-08-28 00:00:00+02:00,388.343
2024-08-29 00:00:00+02:00,389.1936
2024-08-30 00:00:00+02:00,390.31168
2024-09-02 00:00:00+02:00,391.392
2024-09-03 00:00:00+02:00,392.31134
2024-09-04 00:00:00+02:00,393.2119
2024-09-05 00:00:00+02:00,393.66968
2024-09-06 00:00:00+02:00,393.60056
2024-09-09 00:00:00+02:00,392.92743
2024-09-10 00:00:00+02:00,391.97876
2024-09-11 00:00:00+02:00,390.4837
2024-09-12 00:00:00+02:00,388.2103
2024-09-13 00:00:00+02:00,385.45715
2024-09-16 00:00:00+02:00,382.66693
2024-09-17 00:00:00+02:00,379.97052
2024-09-18 00:00:00+02:00,377.6441
2024-09-19 00:00:00+02:00,375.5222
2024-09-20 00:00:00+02:00,374.47055
2024-09-23 00:00:00+02:00,373.59164
2024-09-24 00:00:00+02:00,372.72238
2024-09-25 00:00:00+02:00,372.874
2024-09-26 00:00:00+02:00,373.53897
2024-09-27 00:00:00+02:00,376.1224
2024-09-30 00:00:00+02:00,379.50903
2024-10-01 00:00:00+02:00,382.95132
2024-10-02 00:00:00+02:00,385.5894
2024-10-03 00:00:00+02:00,387.76877
2024-10-04 00:00:00+02:00,389.2492
2024-10-07 00:00:00+02:00,390.44678
2024-10-08 00:00:00+02:00,391.46393
2024-10-09 00:00:00+02:00,391.8332
2024-10-10 00:00:00+02:00,391.98767
2024-10-11 00:00:00+02:00,391.99228
2024-10-14 00:00:00+02:00,392.18546
2024-10-15 00:00:00+02:00,392.28302
2024-10-16 00:00:00+02:00,391.38776
2024-10-17 00:00:00+02:00,389.46225
2024-10-18 00:00:00+02:00,387.27826
2024-10-21 00:00:00+02:00,385.0909
2024-10-22 00:00:00+02:00,382.4751
2024-10-23 00:00:00+02:00,379.987
2024-10-24 00:00:00+02:00,377.15594
2024-10-25 00:00:00+02:00,374.33737
2024-10-28 00:00:00+01:00,371.50726
2024-10-29 00:00:00+01:00,369.08582
2024-10-30 00:00:00+01:00,366.8114
2024-10-31 00:00:00+01:00,364.26404
2024-11-01 00:00:00+01:00,362.91656
2024-11-04 00:00:00+01:00,362.19763
2024-11-05 00:00:00+01:00,361.82944
2024-11-06 00:00:00+01:00,361.65927
2024-11-07 00:00:00+01:00,361.60245
2024-11-08 00:00:00+01:00,361.61163
2024-11-11 00:00:00+01:00,361.66006
2024-11-12 00:00:00+01:00,361.73224
2024-11-13 00:00:00+01:00,361.81897
2024-11-14 00:00:00+01:00,361.91492
2024-11-15 00:00:00+01:00,362.01666
2024-11-18 00:00:00+01:00,362.12213
2024-11-19 00:00:00+01:00,362.22998
2024-11-20 00:00:00+01:00,362.33932
2024-11-21 00:00:00+01:00,362.44968
2024-11-22 00:00:00+01:00,362.56067
2024-11-25 00:00:00+01:00,362.67206
2024-11-26 00:00:00+01:00,362.78372
2024-11-27 00:00:00+01:00,362.89554
2024-11-28 00:00:00+01:00,363.00742
2024-11-29 00:00:00+01:00,363.1194
2024-12-02 00:00:00+01:00,363.23135
2024-12-03 00:00:00+01:00,363.3433
2024-12-04 00:00:00+01:00,363.4552
2024-12-05 00:00:00+01:00,363.56708
2024-12-06 00:00:00+01:00,363.67883
2024-12-09 00:00:00+01:00,363.79047
2024-12-10 00:00:00+01:00,363.90198
2024-12-11 00:00:00+01:00,364.01337
2024-12-12 00:00:00+01:00,364.12463
2024-12-13 00:00:00+01:00,364.2357
2024-12-16 00:00:00+01:00,364.3466
2024-12-17 00:00:00+01:00,364.45724
2024-12-18 00:00:00+01:00,364.56775
2024-12-19 00:00:00+01:00,364.678
2024-12-20 00:00:00+01:00,364.7881
2024-12-23 00:00:00+01:00,364.89792
2024-12-24 00:00:00+01:00,365.00748
2024-12-25 00:00:00+01:00,365.11676
2024-12-26 00:00:00+01:00,365.22583
2024-12-27 00:00:00+01:00,365.33463
2024-12-30 00:00:00+01:00,365.44315
2024-12-31 00:00:00+01:00,365.5514
2025-01-01 00:00:00+01:00,365.65936
2025-01-02 00:00:00+01:00,365.7671
2025-01-03 00:00:00+01:00,365.8745
2025-01-06 00:00:00+01:00,365.9817
2025-01-07 00:00:00+01:00,366.08856
2025-01-08 00:00:00+01:00,366.19516
2025-01-09 00:00:00+01:00,366.30145
2025-01-10 00:00:00+01:00,366.40747
2025-01-13 00:00:00+01:00,366.51324
2025-01-14 00:00:00+01:00,366.6187
2025-01-15 00:00:00+01:00,366.7239
2025-01-16 00:00:00+01:00,366.8288
2025-01-17 00:00:00+01:00,366.9334
2025-01-20 00:00:00+01:00,367.03775
2025-01-21 00:00:00+01:00,367.14185
2025-01-22 00:00:00+01:00,367.24564
