Date,Close Stock Price,Close Currency Rate,Total_Sales_EUR_Million,EPS
2019-11-11,240.710312,1.102244,7587.798913,3.565000
2019-11-12,241.446991,1.103546,7580.689130,3.570000
2019-11-13,241.446991,1.101237,7573.579348,3.575000
2019-11-14,240.802383,1.101322,7566.469565,3.580000
2019-11-15,241.047948,1.102050,7559.359783,3.585000
2019-11-16,241.293513,1.103203,7552.250000,3.590000
2019-11-17,241.539078,1.104357,7545.140217,3.595000
2019-11-18,240.157776,1.105510,7538.030435,3.600000
2019-11-19,238.131927,1.107236,7530.920652,3.605000
2019-11-20,235.277283,1.108000,7523.810870,3.610000
2019-11-21,235.185211,1.107886,7516.701087,3.615000
2019-11-22,235.185211,1.106586,7509.591304,3.620000
2019-11-23,235.185211,1.105143,7502.481522,3.625000
2019-11-24,235.185211,1.103700,7495.371739,3.630000
2019-11-25,236.934830,1.102256,7488.261957,3.635000
2019-11-26,237.487320,1.101443,7481.152174,3.640000
2019-11-27,236.658554,1.102256,7474.042391,3.645000
2019-11-28,238.224045,1.100485,7466.932609,3.650000
2019-11-29,236.075378,1.101176,7459.822826,3.655000
2019-11-30,233.926712,1.101419,7452.713043,3.660000
2019-12-01,231.778046,1.101661,7445.603261,3.665000
2019-12-02,231.133453,1.101904,7438.493478,3.670000
2019-12-03,233.067245,1.107911,7431.383696,3.675000
2019-12-04,231.317642,1.108525,7424.273913,3.680000
2019-12-05,236.382324,1.108303,7417.164130,3.685000
2019-12-06,235.614950,1.110543,7410.054348,3.690000
2019-12-07,234.847575,1.108992,7402.944565,3.695000
2019-12-08,234.080200,1.107440,7395.834783,3.700000
2019-12-09,235.277283,1.105889,7388.725000,3.705000
2019-12-10,234.264359,1.106499,7381.615217,3.710000
2019-12-11,236.013962,1.109275,7374.505435,3.715000
2019-12-12,236.013962,1.113586,7367.395652,3.720000
2019-12-13,237.518031,1.118606,7360.285870,3.725000
2019-12-14,239.022100,1.116553,7353.176087,3.730000
2019-12-15,240.526169,1.114499,7346.066304,3.735000
2019-12-16,235.737732,1.112446,7338.956522,3.740000
2019-12-17,235.645645,1.113697,7331.846739,3.745000
2019-12-18,238.408188,1.115138,7324.736957,3.750000
2019-12-19,243.749176,1.111593,7317.627174,3.755000
2019-12-20,243.933324,1.112595,7310.517391,3.760000
2019-12-21,244.117472,1.111058,7303.407609,3.765000
2019-12-22,244.301620,1.109521,7296.297826,3.770000
2019-12-23,243.564941,1.107984,7289.188043,3.775000
2019-12-24,243.564941,1.109385,7282.078261,3.780000
2019-12-25,244.301643,1.109016,7274.968478,3.785000
2019-12-26,245.038345,1.109545,7267.858696,3.790000
2019-12-27,244.148188,1.110112,7260.748913,3.795000
2019-12-28,243.258031,1.112818,7253.639130,3.800000
2019-12-29,242.367874,1.115524,7246.529348,3.805000
2019-12-30,243.104538,1.118230,7239.419565,3.810000
2019-12-31,243.196632,1.120230,7232.309783,3.815000
2020-01-01,243.288727,1.122083,7225.200000,3.820000
2020-01-02,243.012451,1.122083,7210.102198,3.820000
2020-01-03,242.736186,1.117144,7195.004396,3.820000
2020-01-04,242.459920,1.116828,7179.906593,3.820000
2020-01-05,242.183655,1.116512,7164.808791,3.820000
2020-01-06,239.052811,1.116196,7149.710989,3.820000
2020-01-07,240.526169,1.119799,7134.613187,3.820000
2020-01-08,241.999512,1.115474,7119.515385,3.820000
2020-01-09,243.012451,1.111321,7104.417582,3.820000
2020-01-10,242.582718,1.111111,7089.319780,3.820000
2020-01-11,242.152985,1.111296,7074.221978,3.820000
2020-01-12,241.723251,1.111482,7059.124176,3.820000
2020-01-13,242.920349,1.111667,7044.026374,3.820000
2020-01-14,248.077103,1.113573,7028.928571,3.820000
2020-01-15,248.445465,1.113090,7013.830769,3.820000
2020-01-16,253.510147,1.115400,6998.732967,3.820000
2020-01-17,253.203196,1.113958,6983.635165,3.820000
2020-01-18,252.896245,1.112458,6968.537363,3.820000
2020-01-19,252.589294,1.110959,6953.439560,3.820000
2020-01-20,249.274246,1.109459,6938.341758,3.820000
2020-01-21,247.708755,1.109693,6923.243956,3.820000
2020-01-22,245.867081,1.108561,6908.146154,3.820000
2020-01-23,249.090057,1.109644,6893.048352,3.820000
2020-01-24,245.253184,1.105522,6877.950549,3.820000
2020-01-25,241.416311,1.104527,6862.852747,3.820000
2020-01-26,237.579437,1.103531,6847.754945,3.820000
2020-01-27,240.894485,1.102536,6832.657143,3.820000
2020-01-28,241.539078,1.101977,6817.559341,3.820000
2020-01-29,239.052811,1.102256,6802.461538,3.820000
2020-01-30,231.962219,1.101686,6787.363736,3.820000
2020-01-31,232.913773,1.102913,6772.265934,3.820000
2020-02-01,233.865326,1.104935,6757.168132,3.820000
2020-02-02,234.816879,1.106957,6742.070330,3.820000
2020-02-03,240.802383,1.108979,6726.972527,3.820000
2020-02-04,242.275772,1.106293,6711.874725,3.820000
2020-02-05,246.603729,1.104728,6696.776923,3.820000
2020-02-06,249.274246,1.100231,6681.679121,3.820000
2020-02-07,249.304927,1.098298,6666.581319,3.820000
2020-02-08,249.335607,1.097175,6651.483516,3.820000
2020-02-09,249.366287,1.096053,6636.385714,3.820000
2020-02-10,251.392166,1.094931,6621.287912,3.820000
2020-02-11,249.642593,1.091346,6606.190110,3.820000
2020-02-12,250.010941,1.091941,6591.092308,3.820000
2020-02-13,246.972061,1.087595,6575.994505,3.820000
2020-02-14,246.757212,1.084599,6560.896703,3.820000
2020-02-15,246.542363,1.084458,6545.798901,3.820000
2020-02-16,246.327515,1.084316,6530.701099,3.820000
2020-02-17,247.064194,1.084175,6515.603297,3.820000
2020-02-18,250.747589,1.084011,6500.505495,3.820000
2020-02-19,244.669983,1.079540,6485.407692,3.820000
2020-02-20,244.946213,1.081010,6470.309890,3.820000
2020-02-21,241.876719,1.078800,6455.212088,3.820000
2020-02-22,238.807226,1.080502,6440.114286,3.820000
2020-02-23,235.737732,1.082203,6425.016484,3.820000
2020-02-24,232.698929,1.083905,6409.918681,3.820000
2020-02-25,233.896011,1.084920,6394.820879,3.820000
2020-02-26,227.081726,1.088200,6379.723077,3.820000
2020-02-27,221.924973,1.088589,6364.625275,3.820000
2020-02-28,223.920146,1.099723,6349.527473,3.820000
2020-02-29,225.915319,1.101526,6334.429670,3.820000
2020-03-01,227.910492,1.103328,6319.331868,3.820000
2020-03-02,231.501801,1.105131,6304.234066,3.820000
2020-03-03,238.960709,1.114405,6289.136264,3.820000
2020-03-04,237.119003,1.118068,6274.038462,3.820000
2020-03-05,233.619766,1.113908,6258.940659,3.820000
2020-03-06,228.432307,1.122385,6243.842857,3.820000
2020-03-07,223.244848,1.127791,6228.745055,3.820000
2020-03-08,218.057388,1.133196,6213.647253,3.820000
2020-03-09,215.847351,1.138602,6198.549451,3.820000
2020-03-10,211.519348,1.139796,6183.451648,3.820000
2020-03-11,196.141159,1.131651,6168.353846,3.820000
2020-03-12,198.903687,1.126152,6153.256044,3.820000
2020-03-13,196.325307,1.118493,6138.158242,3.820000
2020-03-14,193.746928,1.117507,6123.060440,3.820000
2020-03-15,191.168549,1.116522,6107.962637,3.820000
2020-03-16,204.981323,1.115536,6092.864835,3.820000
2020-03-17,206.638824,1.116321,6077.767033,3.820000
2020-03-18,209.585571,1.101552,6062.669231,3.820000
2020-03-19,209.033051,1.096155,6047.571429,3.820000
2020-03-20,207.068573,1.065735,6032.473626,3.820000
2020-03-21,205.104095,1.066969,6017.375824,3.820000
2020-03-22,203.139618,1.068204,6002.278022,3.820000
2020-03-23,219.438675,1.069439,5987.180220,3.820000
2020-03-24,233.711853,1.076461,5972.082418,3.820000
2020-03-25,234.448532,1.080264,5956.984615,3.820000
2020-03-26,221.004105,1.088957,5941.886813,3.820000
2020-03-27,222.937892,1.104826,5926.789011,3.820000
2020-03-28,224.871679,1.109367,5911.691209,3.820000
2020-03-29,226.805466,1.113908,5896.593407,3.820000
2020-03-30,219.991180,1.103047,5881.495604,3.820000
2020-03-31,214.834412,1.102657,5866.397802,3.820000
2020-04-01,219.162415,1.095362,5851.300000,3.820000
2020-04-02,217.596954,1.084740,5864.327473,3.816264
2020-04-03,217.320699,1.083392,5877.354945,3.812527
2020-04-04,217.044444,1.082044,5890.382418,3.808791
2020-04-05,216.768188,1.080696,5903.409890,3.805055
2020-04-06,221.004105,1.080380,5916.437363,3.801319
2020-04-07,223.214157,1.089514,5929.464835,3.797582
2020-04-08,225.424194,1.086366,5942.492308,3.793846
2020-04-09,226.473965,1.092741,5955.519780,3.790110
2020-04-10,227.523737,1.092916,5968.547253,3.786374
2020-04-11,228.573508,1.093091,5981.574725,3.782637
2020-04-12,229.623279,1.093267,5994.602198,3.778901
2020-04-13,230.673050,1.092299,6007.629670,3.775165
2020-04-14,226.437119,1.098539,6020.657143,3.771429
2020-04-15,225.147934,1.090510,6033.684615,3.767692
2020-04-16,228.002594,1.085847,6046.712088,3.763956
2020-04-17,230.488887,1.086130,6059.739560,3.760220
2020-04-18,232.975179,1.086413,6072.767033,3.756484
2020-04-19,235.461472,1.086697,6085.794505,3.752747
2020-04-20,226.345047,1.086484,6098.821978,3.749011
2020-04-21,228.462997,1.085647,6111.849451,3.745275
2020-04-22,226.345047,1.080964,6124.876923,3.741538
2020-04-23,224.042908,1.077702,6137.904396,3.737802
2020-04-24,224.933065,1.079258,6150.931868,3.734066
2020-04-25,225.823222,1.080813,6163.959341,3.730330
2020-04-26,226.713379,1.082368,6176.986813,3.726593
2020-04-27,234.264359,1.082485,6190.014286,3.722857
2020-04-28,235.921890,1.083658,6203.041758,3.719121
2020-04-29,244.301620,1.087725,6216.069231,3.715385
2020-04-30,240.825409,1.094547,6229.096703,3.711648
2020-05-01,237.349197,1.095019,6242.124176,3.707912
2020-05-02,233.872986,1.095491,6255.151648,3.704176
2020-05-03,230.396774,1.095963,6268.179121,3.700440
2020-05-04,228.555099,1.090429,6281.206593,3.696703
2020-05-05,223.766663,1.083858,6294.234066,3.692967
2020-05-06,229.291763,1.079855,6307.261538,3.689231
2020-05-07,233.435608,1.083717,6320.289011,3.685495
2020-05-08,234.172287,1.083795,6333.316484,3.681758
2020-05-09,234.908966,1.083874,6346.343956,3.678022
2020-05-10,235.645645,1.083952,6359.371429,3.674286
2020-05-11,233.251434,1.080941,6372.398901,3.670549
2020-05-12,225.976700,1.084681,6385.426374,3.666813
2020-05-13,222.293289,1.082368,6398.453846,3.663077
2020-05-14,223.490417,1.080696,6411.481319,3.659341
2020-05-15,225.823237,1.081175,6424.508791,3.655604
2020-05-16,228.156057,1.081655,6437.536264,3.651868
2020-05-17,230.488876,1.082134,6450.563736,3.648132
2020-05-18,228.647171,1.091512,6463.591209,3.644396
2020-05-19,233.251434,1.092777,6476.618681,3.640659
2020-05-20,228.647171,1.098298,6489.646154,3.636923
2020-05-21,228.462997,1.095290,6502.673626,3.633187
2020-05-22,229.383855,1.093787,6515.701099,3.629451
2020-05-23,230.304713,1.092284,6528.728571,3.625714
2020-05-24,231.225571,1.090780,6541.756044,3.621978
2020-05-25,228.831360,1.090300,6554.783516,3.618242
2020-05-26,231.501801,1.098177,6567.810989,3.614505
2020-05-27,239.605331,1.101686,6580.838462,3.610769
2020-05-28,241.170731,1.107911,6593.865934,3.607033
2020-05-29,240.219187,1.109224,6606.893407,3.603297
2020-05-30,239.267644,1.110538,6619.920879,3.599560
2020-05-31,238.316101,1.111852,6632.948352,3.595824
2020-06-01,240.526169,1.112595,6645.975824,3.592088
2020-06-02,248.997971,1.118944,6659.003297,3.588352
2020-06-03,245.406662,1.123595,6672.030769,3.584615
2020-06-04,248.353394,1.133787,6685.058242,3.580879
2020-06-05,246.818654,1.133175,6698.085714,3.577143
2020-06-06,245.283915,1.132563,6711.113187,3.573407
2020-06-07,243.749176,1.131952,6724.140659,3.569670
2020-06-08,244.946213,1.130557,6737.168132,3.565934
2020-06-09,245.498749,1.133222,6750.195604,3.562198
2020-06-10,243.749176,1.136544,6763.223077,3.558462
2020-06-11,242.552017,1.128808,6776.250549,3.554725
2020-06-12,241.784648,1.127606,6789.278022,3.550989
2020-06-13,241.017278,1.126403,6802.305495,3.547253
2020-06-14,240.249908,1.125201,6815.332967,3.543516
2020-06-15,250.563446,1.133774,6828.360440,3.539780
2020-06-16,254.338898,1.126570,6841.387912,3.536044
2020-06-17,254.707230,1.124290,6854.415385,3.532308
2020-06-18,257.101471,1.121100,6867.442857,3.528571
2020-06-19,256.334091,1.119985,6880.470330,3.524835
2020-06-20,255.566711,1.118870,6893.497802,3.521099
2020-06-21,254.799332,1.117756,6906.525275,3.517363
2020-06-22,258.390656,1.127968,6919.552747,3.513626
2020-06-23,256.917267,1.131235,6932.580220,3.509890
2020-06-24,258.758942,1.125087,6945.607692,3.506154
2020-06-25,262.534454,1.122208,6958.635165,3.502418
2020-06-26,262.595846,1.122334,6971.662637,3.498681
2020-06-27,262.657237,1.122460,6984.690110,3.494945
2020-06-28,262.718628,1.122586,6997.717582,3.491209
2020-06-29,263.086975,1.124720,7010.745055,3.487473
2020-06-30,264.007874,1.123595,7023.772527,3.483736
2020-07-01,273.216339,1.125138,7036.800000,3.480000
2020-07-02,270.184235,1.123785,7045.952174,3.480000
2020-07-03,270.401927,1.124097,7055.104348,3.480000
2020-07-04,270.619619,1.124408,7064.256522,3.480000
2020-07-05,270.837311,1.124720,7073.408696,3.480000
2020-07-06,268.971405,1.131286,7082.560870,3.480000
2020-07-07,266.265808,1.127523,7091.713043,3.480000
2020-07-08,267.478699,1.133915,7100.865217,3.480000
2020-07-09,269.251282,1.128796,7110.017391,3.480000
2020-07-10,269.002482,1.129532,7119.169565,3.480000
2020-07-11,268.753682,1.130268,7128.321739,3.480000
2020-07-12,268.504883,1.131004,7137.473913,3.480000
2020-07-13,266.638947,1.134550,7146.626087,3.480000
2020-07-14,271.583679,1.141070,7155.778261,3.480000
2020-07-15,267.851837,1.141719,7164.930435,3.480000
2020-07-16,270.837311,1.139212,7174.082609,3.480000
2020-07-17,270.744008,1.140906,7183.234783,3.480000
2020-07-18,270.650706,1.142601,7192.386957,3.480000
2020-07-19,270.557404,1.144296,7201.539130,3.480000
2020-07-20,270.184235,1.145869,7210.691304,3.480000
2020-07-21,267.851837,1.153403,7219.843478,3.480000
2020-07-22,271.770233,1.156872,7228.995652,3.480000
2020-07-23,265.799347,1.159608,7238.147826,3.480000
2020-07-24,266.017029,1.161491,7247.300000,3.480000
2020-07-25,266.234711,1.163374,7256.452174,3.480000
2020-07-26,266.452393,1.165257,7265.604348,3.480000
2020-07-27,267.478699,1.176928,7274.756522,3.480000
2020-07-28,269.811035,1.171880,7283.908696,3.480000
2020-07-29,265.426147,1.178287,7293.060870,3.480000
2020-07-30,264.026703,1.187225,7302.213043,3.480000
2020-07-31,262.502879,1.184227,7311.365217,3.480000
2020-08-01,260.979055,1.181229,7320.517391,3.480000
2020-08-02,259.455231,1.178231,7329.669565,3.480000
2020-08-03,262.720581,1.176332,7338.821739,3.480000
2020-08-04,263.560242,1.181544,7347.973913,3.480000
2020-08-05,260.294861,1.187282,7357.126087,3.480000
2020-08-06,258.988739,1.187648,7366.278261,3.480000
2020-08-07,258.491150,1.184523,7375.430435,3.480000
2020-08-08,257.993561,1.181398,7384.582609,3.480000
2020-08-09,257.495972,1.178273,7393.734783,3.480000
2020-08-10,258.615570,1.173778,7402.886957,3.480000
2020-08-11,263.280334,1.173654,7412.039130,3.480000
2020-08-12,263.560242,1.179380,7421.191304,3.480000
2020-08-13,259.828400,1.181656,7430.343478,3.480000
2020-08-14,259.952799,1.182856,7439.495652,3.480000
2020-08-15,260.077199,1.184056,7448.647826,3.480000
2020-08-16,260.201599,1.185255,7457.800000,3.480000
2020-08-17,260.481476,1.187648,7466.952174,3.480000
2020-08-18,264.026703,1.194786,7476.104348,3.480000
2020-08-19,260.294861,1.184350,7485.256522,3.480000
2020-08-20,255.536789,1.187366,7494.408696,3.480000
2020-08-21,256.998423,1.184845,7503.560870,3.480000
2020-08-22,258.460058,1.182323,7512.713043,3.480000
2020-08-23,259.921692,1.179802,7521.865217,3.480000
2020-08-24,260.108307,1.179454,7531.017391,3.480000
2020-08-25,262.533936,1.183502,7540.169565,3.480000
2020-08-26,261.787628,1.184273,7549.321739,3.480000
2020-08-27,258.615570,1.181963,7558.473913,3.480000
2020-08-28,258.522278,1.185250,7567.626087,3.480000
2020-08-29,258.428986,1.188537,7576.778261,3.480000
2020-08-30,258.335693,1.191824,7585.930435,3.480000
2020-08-31,258.895477,1.193902,7595.082609,3.480000
2020-09-01,262.347382,1.192321,7604.234783,3.480000
2020-09-02,259.921692,1.184736,7613.386957,3.480000
2020-09-03,255.536789,1.183978,7622.539130,3.480000
2020-09-04,256.998423,1.183801,7631.691304,3.480000
2020-09-05,258.460058,1.183623,7640.843478,3.480000
2020-09-06,259.921692,1.183446,7649.995652,3.480000
2020-09-07,257.402740,1.182173,7659.147826,3.480000
2020-09-08,263.653534,1.177024,7668.300000,3.480000
2020-09-09,262.627258,1.180638,7677.452174,3.480000
2020-09-10,263.280334,1.182438,7686.604348,3.480000
2020-09-11,263.031535,1.183050,7695.756522,3.480000
2020-09-12,262.782735,1.183661,7704.908696,3.480000
2020-09-13,262.533936,1.184273,7714.060870,3.480000
2020-09-14,264.399872,1.187000,7723.213043,3.480000
2020-09-15,262.160767,1.184441,7732.365217,3.480000
2020-09-16,261.227844,1.180345,7741.517391,3.480000
2020-09-17,258.055756,1.184820,7750.669565,3.480000
2020-09-18,256.345352,1.184731,7759.821739,3.480000
2020-09-19,254.634949,1.184642,7768.973913,3.480000
2020-09-20,252.924545,1.184553,7778.126087,3.480000
2020-09-21,255.536789,1.176800,7787.278261,3.480000
2020-09-22,258.895477,1.170837,7796.430435,3.480000
2020-09-23,255.723404,1.165854,7805.582609,3.480000
2020-09-24,252.551376,1.167324,7814.734783,3.480000
2020-09-25,255.008148,1.166061,7823.886957,3.480000
2020-09-26,257.464920,1.164798,7833.039130,3.480000
2020-09-27,259.921692,1.163535,7842.191304,3.480000
2020-09-28,262.627258,1.167883,7851.343478,3.480000
2020-09-29,258.988739,1.174205,7860.495652,3.480000
2020-09-30,263.746826,1.172608,7869.647826,3.480000
2020-10-01,262.347382,1.174495,7878.800000,3.480000
2020-10-02,261.974202,1.173678,7875.927174,3.492500
2020-10-03,261.601023,1.172861,7873.054348,3.505000
2020-10-04,261.227844,1.172044,7870.181522,3.517500
2020-10-05,260.481476,1.179245,7867.308696,3.530000
2020-10-06,259.455231,1.173764,7864.435870,3.542500
2020-10-07,259.828400,1.176747,7861.563043,3.555000
2020-10-08,263.466949,1.176700,7858.690217,3.567500
2020-10-09,265.021861,1.178362,7855.817391,3.580000
2020-10-10,266.576772,1.180023,7852.944565,3.592500
2020-10-11,268.131683,1.181684,7850.071739,3.605000
2020-10-12,267.851837,1.181614,7847.198913,3.617500
2020-10-13,270.837311,1.174219,7844.326087,3.630000
2020-10-14,265.612762,1.174398,7841.453261,3.642500
2020-10-15,271.863556,1.170713,7838.580435,3.655000
2020-10-16,270.961700,1.170992,7835.707609,3.667500
2020-10-17,270.059845,1.171271,7832.834783,3.680000
2020-10-18,269.157990,1.171550,7829.961957,3.692500
2020-10-19,271.117218,1.176886,7827.089130,3.705000
2020-10-20,267.571899,1.182984,7824.216304,3.717500
2020-10-21,266.172485,1.185396,7821.343478,3.730000
2020-10-22,269.251282,1.181502,7818.470652,3.742500
2020-10-23,268.225016,1.182339,7815.597826,3.755000
2020-10-24,267.198751,1.183175,7812.725000,3.767500
2020-10-25,266.172485,1.184012,7809.852174,3.780000
2020-10-26,267.851837,1.184848,7806.979348,3.792500
2020-10-27,260.108307,1.180944,7804.106522,3.805000
2020-10-28,260.388184,1.178411,7801.233696,3.817500
2020-10-29,259.082062,1.174867,7798.360870,3.830000
2020-10-30,261.010162,1.167870,7795.488043,3.842500
2020-10-31,262.938263,1.166650,7792.615217,3.855000
2020-11-01,264.866364,1.165431,7789.742391,3.867500
2020-11-02,270.744049,1.164212,7786.869565,3.880000
2020-11-03,279.793671,1.164280,7783.996739,3.892500
2020-11-04,278.767395,1.176221,7781.123913,3.905000
2020-11-05,277.088104,1.173268,7778.251087,3.917500
2020-11-06,281.441895,1.181754,7775.378261,3.930000
2020-11-07,285.795685,1.184270,7772.505435,3.942500
2020-11-08,290.149475,1.186785,7769.632609,3.955000
2020-11-09,294.254486,1.189301,7766.759783,3.967500
2020-11-10,297.613159,1.182732,7763.886957,3.980000
2020-11-11,296.027100,1.181879,7761.014130,3.992500
2020-11-12,293.134949,1.178030,7758.141304,4.005000
2020-11-13,294.161204,1.180339,7755.268478,4.017500
2020-11-14,295.187459,1.181735,7752.395652,4.030000
2020-11-15,296.213715,1.183130,7749.522826,4.042500
2020-11-16,295.374054,1.184525,7746.650000,4.055000
2020-11-17,293.508118,1.185944,7743.777174,4.067500
2020-11-18,289.962860,1.186366,7740.904348,4.080000
2020-11-19,291.175751,1.184764,7738.031522,4.092500
2020-11-20,289.372040,1.186648,7735.158696,4.105000
2020-11-21,287.568329,1.186648,7732.285870,4.117500
2020-11-22,285.764618,1.186648,7729.413043,4.130000
2020-11-23,276.061829,1.186648,7726.540217,4.142500
2020-11-24,283.991974,1.184273,7723.667391,4.155000
2020-11-25,285.298126,1.190051,7720.794565,4.167500
2020-11-26,288.563477,1.192000,7717.921739,4.180000
2020-11-27,287.786011,1.191600,7715.048913,4.192500
2020-11-28,287.008545,1.193449,7712.176087,4.205000
2020-11-29,286.231079,1.195297,7709.303261,4.217500
2020-11-30,285.764618,1.197146,7706.430435,4.230000
2020-12-01,285.857880,1.193816,7703.557609,4.242500
2020-12-02,284.551758,1.207438,7700.684783,4.255000
2020-12-03,285.764618,1.211460,7697.811957,4.267500
2020-12-04,285.049347,1.214565,7694.939130,4.280000
2020-12-05,284.334076,1.213755,7692.066304,4.292500
2020-12-06,283.618805,1.212946,7689.193478,4.305000
2020-12-07,284.365143,1.212136,7686.320652,4.317500
2020-12-08,281.752899,1.211314,7683.447826,4.330000
2020-12-09,281.473022,1.211094,7680.575000,4.342500
2020-12-10,282.219360,1.207875,7677.702174,4.355000
2020-12-11,282.281565,1.214429,7674.829348,4.367500
2020-12-12,282.343770,1.214066,7671.956522,4.380000
2020-12-13,282.405975,1.213703,7669.083696,4.392500
2020-12-14,282.219360,1.213340,7666.210870,4.405000
2020-12-15,288.656769,1.214890,7663.338043,4.417500
2020-12-16,284.271881,1.215430,7660.465217,4.430000
2020-12-17,284.924927,1.219959,7657.592391,4.442500
2020-12-18,281.877279,1.226272,7654.719565,4.455000
2020-12-19,278.829631,1.224719,7651.846739,4.467500
2020-12-20,275.781982,1.223166,7648.973913,4.480000
2020-12-21,281.566254,1.221613,7646.101087,4.492500
2020-12-22,283.338867,1.223691,7643.228261,4.505000
2020-12-23,282.032745,1.218665,7640.355435,4.517500
2020-12-24,283.618774,1.219141,7637.482609,4.530000
2020-12-25,285.204803,1.218472,7634.609783,4.542500
2020-12-26,286.790833,1.219151,7631.736957,4.555000
2020-12-27,288.376862,1.219830,7628.864130,4.567500
2020-12-28,291.269043,1.220510,7625.991304,4.580000
2020-12-29,292.201965,1.222345,7623.118478,4.592500
2020-12-30,289.962860,1.225295,7620.245652,4.605000
2020-12-31,290.172791,1.229990,7617.372826,4.617500
2021-01-01,290.382721,1.218027,7614.500000,4.630000
2021-01-02,290.592651,1.220375,7614.140000,4.630000
2021-01-03,290.802582,1.222722,7613.780000,4.630000
2021-01-04,287.817108,1.225070,7613.420000,4.630000
2021-01-05,288.096985,1.225160,7613.060000,4.630000
2021-01-06,286.977478,1.230027,7612.700000,4.630000
2021-01-07,285.764618,1.234111,7612.340000,4.630000
2021-01-08,285.391429,1.227144,7611.980000,4.630000
2021-01-09,285.018239,1.224303,7611.620000,4.630000
2021-01-10,284.645050,1.221462,7611.260000,4.630000
2021-01-11,280.353455,1.218621,7610.900000,4.630000
2021-01-12,281.286407,1.216070,7610.540000,4.630000
2021-01-13,278.021057,1.220889,7610.180000,4.630000
2021-01-14,278.394257,1.216249,7609.820000,4.630000
2021-01-15,277.927765,1.215126,7609.460000,4.630000
2021-01-16,277.461273,1.212354,7609.100000,4.630000
2021-01-17,276.994781,1.209583,7608.740000,4.630000
2021-01-18,277.181396,1.206811,7608.380000,4.630000
2021-01-19,273.916046,1.207729,7608.020000,4.630000
2021-01-20,274.848999,1.213887,7607.660000,4.630000
2021-01-21,276.435028,1.211563,7607.300000,4.630000
2021-01-22,277.274689,1.216629,7606.940000,4.630000
2021-01-23,278.114349,1.216734,7606.580000,4.630000
2021-01-24,278.954010,1.216840,7606.220000,4.630000
2021-01-25,281.566254,1.216945,7605.860000,4.630000
2021-01-26,277.647888,1.214624,7605.500000,4.630000
2021-01-27,277.461304,1.216299,7605.140000,4.630000
2021-01-28,270.650696,1.210507,7604.780000,4.630000
2021-01-29,272.641012,1.212004,7604.420000,4.630000
2021-01-30,274.631327,1.212131,7604.060000,4.630000
2021-01-31,276.621643,1.212258,7603.700000,4.630000
2021-02-01,278.394257,1.212386,7603.340000,4.630000
2021-02-02,276.061829,1.206869,7602.980000,4.630000
2021-02-03,278.114380,1.203905,7602.620000,4.630000
2021-02-04,285.111542,1.204239,7602.260000,4.630000
2021-02-05,285.920105,1.196673,7601.900000,4.630000
2021-02-06,286.728668,1.199408,7601.540000,4.630000
2021-02-07,287.537231,1.202143,7601.180000,4.630000
2021-02-08,291.828796,1.204877,7600.820000,4.630000
2021-02-09,290.429382,1.205360,7600.460000,4.630000
2021-02-10,288.283569,1.211999,7600.100000,4.630000
2021-02-11,296.960052,1.212121,7599.740000,4.630000
2021-02-12,295.933797,1.213151,7599.380000,4.630000
2021-02-13,294.907542,1.212837,7599.020000,4.630000
2021-02-14,293.881287,1.212523,7598.660000,4.630000
2021-02-15,292.575195,1.212209,7598.300000,4.630000
2021-02-16,295.747223,1.213220,7597.940000,4.630000
2021-02-17,295.560608,1.209248,7597.580000,4.630000
2021-02-18,294.907623,1.204800,7597.220000,4.630000
2021-02-19,293.290476,1.209190,7596.860000,4.630000
2021-02-20,291.673330,1.210338,7596.500000,4.630000
2021-02-21,290.056183,1.211487,7596.140000,4.630000
2021-02-22,290.802582,1.212636,7595.780000,4.630000
2021-02-23,286.604248,1.216680,7595.420000,4.630000
2021-02-24,286.324371,1.215214,7595.060000,4.630000
2021-02-25,282.499237,1.217137,7594.700000,4.630000
2021-02-26,283.401113,1.216042,7594.340000,4.630000
2021-02-27,284.302989,1.213680,7593.980000,4.630000
2021-02-28,285.204865,1.211318,7593.620000,4.630000
2021-03-01,288.190308,1.208956,7593.260000,4.630000
2021-03-02,286.977478,1.205110,7592.900000,4.630000
2021-03-03,289.962860,1.208547,7592.540000,4.630000
2021-03-04,288.096985,1.205066,7592.180000,4.630000
2021-03-05,288.096985,1.196774,7591.820000,4.630000
2021-03-06,288.096985,1.195370,7591.460000,4.630000
2021-03-07,288.096985,1.193967,7591.100000,4.630000
2021-03-08,290.242828,1.192563,7590.740000,4.630000
2021-03-09,297.146698,1.185171,7590.380000,4.630000
2021-03-10,299.572357,1.189791,7590.020000,4.630000
2021-03-11,300.971832,1.192606,7589.660000,4.630000
2021-03-12,300.629730,1.198610,7589.300000,4.630000
2021-03-13,300.287628,1.197406,7588.940000,4.630000
2021-03-14,299.945526,1.196203,7588.580000,4.630000
2021-03-15,301.718170,1.195000,7588.220000,4.630000
2021-03-16,304.143829,1.192577,7587.860000,4.630000
2021-03-17,300.412018,1.190165,7587.500000,4.630000
2021-03-18,298.919250,1.198279,7587.140000,4.630000
2021-03-19,299.043650,1.191824,7586.780000,4.630000
2021-03-20,299.168050,1.190653,7586.420000,4.630000
2021-03-21,299.292450,1.189482,7586.060000,4.630000
2021-03-22,300.132141,1.188312,7585.700000,4.630000
2021-03-23,296.866791,1.193303,7585.340000,4.630000
2021-03-24,301.065094,1.184021,7584.980000,4.630000
2021-03-25,301.904785,1.181307,7584.620000,4.630000
2021-03-26,302.837738,1.177662,7584.260000,4.630000
2021-03-27,303.770691,1.178231,7583.900000,4.630000
2021-03-28,304.703644,1.178800,7583.540000,4.630000
2021-03-29,305.823151,1.177101,7583.180000,4.630000
2021-03-30,304.890198,1.172360,7582.820000,4.630000
2021-03-31,302.138000,1.172883,7582.460000,4.630000
2021-04-01,303.500110,1.177995,7582.100000,4.630000
2021-04-02,304.862219,1.177602,7586.654945,4.625165
2021-04-03,306.224329,1.177209,7591.209890,4.620330
2021-04-04,307.586438,1.176817,7595.764835,4.615495
2021-04-05,308.948547,1.181893,7600.319780,4.610659
2021-04-06,308.528748,1.187423,7604.874725,4.605824
2021-04-07,316.832062,1.187366,7609.429670,4.600989
2021-04-08,315.759155,1.191568,7613.984615,4.596154
2021-04-09,315.339315,1.191063,7618.539560,4.591319
2021-04-10,314.919474,1.190557,7623.094505,4.586484
2021-04-11,314.499634,1.190051,7627.649451,4.581648
2021-04-12,317.251862,1.191469,7632.204396,4.576813
2021-04-13,316.412231,1.195414,7636.759341,4.571978
2021-04-14,319.817474,1.198610,7641.314286,4.567143
2021-04-15,313.986511,1.197175,7645.869231,4.562308
2021-04-16,314.701782,1.197098,7650.424176,4.557473
2021-04-17,315.417053,1.197022,7654.979121,4.552637
2021-04-18,316.132324,1.196945,7659.534066,4.547802
2021-04-19,314.966156,1.204529,7664.089011,4.542967
2021-04-20,319.630920,1.203239,7668.643956,4.538132
2021-04-21,324.389008,1.203775,7673.198901,4.533297
2021-04-22,322.289856,1.201475,7677.753846,4.528462
2021-04-23,321.450195,1.203979,7682.308791,4.523626
2021-04-24,320.610535,1.206482,7686.863736,4.518791
2021-04-25,319.770874,1.208985,7691.418681,4.513956
2021-04-26,317.363739,1.208167,7695.973626,4.509121
2021-04-27,320.006836,1.209031,7700.528571,4.504286
2021-04-28,323.877136,1.213592,7705.083516,4.499451
2021-04-29,322.508362,1.212709,7709.638462,4.494615
2021-04-30,323.751261,1.209398,7714.193407,4.489780
2021-05-01,324.994161,1.206087,7718.748352,4.484945
2021-05-02,326.237061,1.202776,7723.303297,4.480110
2021-05-03,322.225220,1.206127,7727.858242,4.475275
2021-05-04,326.614655,1.201504,7732.413187,4.470440
2021-05-05,328.172180,1.200797,7736.968132,4.465604
2021-05-06,330.296173,1.206855,7741.523077,4.460769
2021-05-07,331.082804,1.210273,7746.078022,4.455934
2021-05-08,331.869436,1.213690,7750.632967,4.451099
2021-05-09,332.656067,1.217108,7755.187912,4.446264
2021-05-10,326.992249,1.214093,7759.742857,4.441429
2021-05-11,326.897827,1.214450,7764.297802,4.436593
2021-05-12,330.532135,1.207851,7768.852747,4.431758
2021-05-13,332.608917,1.207729,7773.407692,4.426923
2021-05-14,333.584351,1.210165,7777.962637,4.422088
2021-05-15,334.559784,1.212601,7782.517582,4.417253
2021-05-16,335.535217,1.215037,7787.072527,4.412418
2021-05-17,332.231293,1.215687,7791.627473,4.407582
2021-05-18,330.532135,1.222400,7796.182418,4.402747
2021-05-19,338.744751,1.217285,7800.737363,4.397912
2021-05-20,341.057434,1.222539,7805.292308,4.393077
2021-05-21,342.127268,1.221134,7809.847253,4.388242
2021-05-22,343.197103,1.219729,7814.402198,4.383407
2021-05-23,344.266937,1.218324,7818.957143,4.378571
2021-05-24,346.626892,1.221464,7823.512088,4.373736
2021-05-25,345.918945,1.224909,7828.067033,4.368901
2021-05-26,345.399719,1.219260,7832.621978,4.364066
2021-05-27,350.733124,1.219319,7837.176923,4.359231
2021-05-28,349.710490,1.219215,7841.731868,4.354396
2021-05-29,348.687856,1.219111,7846.286813,4.349560
2021-05-30,347.665222,1.219007,7850.841758,4.344725
2021-05-31,349.270050,1.223287,7855.396703,4.339890
2021-06-01,350.780396,1.221777,7859.951648,4.335055
2021-06-02,351.960327,1.220986,7864.506593,4.330220
2021-06-03,355.311432,1.213301,7869.061538,4.325385
2021-06-04,356.050883,1.214481,7873.616484,4.320549
2021-06-05,356.790334,1.215661,7878.171429,4.315714
2021-06-06,357.529785,1.216841,7882.726374,4.310879
2021-06-07,359.464905,1.219363,7887.281319,4.306044
2021-06-08,360.597687,1.217285,7891.836264,4.301209
2021-06-09,360.597687,1.218200,7896.391209,4.296374
2021-06-10,362.532806,1.217256,7900.946154,4.291538
2021-06-11,362.690145,1.215177,7905.501099,4.286703
2021-06-12,362.847483,1.213099,7910.056044,4.281868
2021-06-13,363.004822,1.211020,7914.610989,4.277033
2021-06-14,365.742371,1.212224,7919.165934,4.272198
2021-06-15,367.394287,1.212709,7923.720879,4.267363
2021-06-16,369.471039,1.199559,7928.275824,4.262527
2021-06-17,368.432648,1.191341,7932.830769,4.257692
2021-06-18,368.102264,1.190016,7937.385714,4.252857
2021-06-19,367.771881,1.188691,7941.940659,4.248022
2021-06-20,367.441498,1.187366,7946.495604,4.243187
2021-06-21,365.789551,1.191256,7951.050549,4.238352
2021-06-22,360.078522,1.193673,7955.605495,4.233516
2021-06-23,368.291046,1.193317,7960.160440,4.228681
2021-06-24,363.807190,1.193033,7964.715385,4.223846
2021-06-25,363.885854,1.193427,7969.270330,4.219011
2021-06-26,363.964518,1.193821,7973.825275,4.214176
2021-06-27,364.043182,1.194215,7978.380220,4.209341
2021-06-28,361.777649,1.192890,7982.935165,4.204505
2021-06-29,354.745056,1.190193,7987.490110,4.199670
2021-06-30,354.320251,1.185677,7992.045055,4.194835
2021-07-01,351.771515,1.184624,7996.600000,4.190000
2021-07-02,351.787262,1.184956,8008.532609,4.190000
2021-07-03,351.803009,1.185288,8020.465217,4.190000
2021-07-04,351.818756,1.185621,8032.397826,4.190000
2021-07-05,349.741974,1.186380,8044.330435,4.190000
2021-07-06,355.405853,1.182452,8056.263043,4.190000
2021-07-07,344.550140,1.179340,8068.195652,4.190000
2021-07-08,350.969147,1.184800,8080.128261,4.190000
2021-07-09,352.086182,1.185632,8092.060870,4.190000
2021-07-10,353.203217,1.186464,8103.993478,4.190000
2021-07-11,354.320251,1.187296,8115.926087,4.190000
2021-07-12,354.461853,1.186521,8127.858696,4.190000
2021-07-13,355.405853,1.177537,8139.791304,4.190000
2021-07-14,352.668335,1.183334,8151.723913,4.190000
2021-07-15,353.612305,1.181181,8163.656522,4.190000
2021-07-16,353.156036,1.181254,8175.589130,4.190000
2021-07-17,352.699768,1.181328,8187.521739,4.190000
2021-07-18,352.243500,1.181401,8199.454348,4.190000
2021-07-19,355.594635,1.179384,8211.386957,4.190000
2021-07-20,357.907379,1.178411,8223.319565,4.190000
2021-07-21,357.954590,1.179273,8235.252174,4.190000
2021-07-22,365.364746,1.177274,8247.184783,4.190000
2021-07-23,364.247711,1.177297,8259.117391,4.190000
2021-07-24,363.130676,1.177320,8271.050000,4.190000
2021-07-25,362.013641,1.177343,8282.982609,4.190000
2021-07-26,362.060822,1.180777,8294.915217,4.190000
2021-07-27,364.231995,1.182313,8306.847826,4.190000
2021-07-28,363.335236,1.184596,8318.780435,4.190000
2021-07-29,364.279175,1.189300,8330.713043,4.190000
2021-07-30,366.418854,1.188435,8342.645652,4.190000
2021-07-31,368.558533,1.187569,8354.578261,4.190000
2021-08-01,370.698212,1.186704,8366.510870,4.190000
2021-08-02,371.783783,1.187465,8378.443478,4.190000
2021-08-03,373.246918,1.186944,8390.376087,4.190000
2021-08-04,375.937286,1.183740,8402.308696,4.190000
2021-08-05,376.692413,1.183572,8414.241304,4.190000
2021-08-06,376.708150,1.180698,8426.173913,4.190000
2021-08-07,376.723887,1.177824,8438.106522,4.190000
2021-08-08,376.739624,1.174950,8450.039130,4.190000
2021-08-09,375.842834,1.173847,8461.971739,4.190000
2021-08-10,377.872375,1.172333,8473.904348,4.190000
2021-08-11,381.223511,1.174190,8485.836957,4.190000
2021-08-12,380.515533,1.173626,8497.769565,4.190000
2021-08-13,379.099569,1.175573,8509.702174,4.190000
2021-08-14,377.683604,1.177521,8521.634783,4.190000
2021-08-15,376.267639,1.179468,8533.567391,4.190000
2021-08-16,377.683594,1.177995,8545.500000,4.190000
2021-08-17,371.170197,1.170974,8557.432609,4.190000
2021-08-18,367.016693,1.170330,8569.365217,4.190000
2021-08-19,370.509399,1.167660,8581.297826,4.190000
2021-08-20,371.327515,1.168358,8593.230435,4.190000
2021-08-21,372.145630,1.169056,8605.163043,4.190000
2021-08-22,372.963745,1.169755,8617.095652,4.190000
2021-08-23,371.170197,1.174453,8629.028261,4.190000
2021-08-24,371.028595,1.175309,8640.960870,4.190000
2021-08-25,372.019745,1.177440,8652.893478,4.190000
2021-08-26,371.547791,1.175641,8664.826087,4.190000
2021-08-27,372.680562,1.177061,8676.758696,4.190000
2021-08-28,373.813334,1.178481,8688.691304,4.190000
2021-08-29,374.946106,1.179901,8700.623913,4.190000
2021-08-30,374.096527,1.179690,8712.556522,4.190000
2021-08-31,377.117188,1.181028,8724.489130,4.190000
2021-09-01,377.730804,1.184091,8736.421739,4.190000
2021-09-02,372.727753,1.187648,8748.354348,4.190000
2021-09-03,373.199738,1.187964,8760.286957,4.190000
2021-09-04,373.671722,1.188279,8772.219565,4.190000
2021-09-05,374.143707,1.188594,8784.152174,4.190000
2021-09-06,371.028595,1.187507,8796.084783,4.190000
2021-09-07,371.972534,1.184357,8808.017391,4.190000
2021-09-08,375.418091,1.181910,8819.950000,4.190000
2021-09-09,376.031677,1.182592,8831.882609,4.190000
2021-09-10,375.764211,1.182127,8843.815217,4.190000
2021-09-11,375.496745,1.181661,8855.747826,4.190000
2021-09-12,375.229279,1.181195,8867.680435,4.190000
2021-09-13,376.267639,1.181195,8879.613043,4.190000
2021-09-14,370.981384,1.180498,8891.545652,4.190000
2021-09-15,361.824829,1.182000,8903.478261,4.190000
2021-09-16,361.164093,1.176747,8915.410870,4.190000
2021-09-17,357.907369,1.175496,8927.343478,4.190000
2021-09-18,354.650645,1.174245,8939.276087,4.190000
2021-09-19,351.393921,1.172993,8951.208696,4.190000
2021-09-20,361.966461,1.173020,8963.141304,4.190000
2021-09-21,362.910431,1.172292,8975.073913,4.190000
2021-09-22,365.553528,1.168770,8987.006522,4.190000
2021-09-23,357.152191,1.174026,8998.939130,4.190000
2021-09-24,355.154104,1.173452,9010.871739,4.190000
2021-09-25,353.156016,1.172879,9022.804348,4.190000
2021-09-26,351.157928,1.172305,9034.736957,4.190000
2021-09-27,342.379028,1.169680,9046.669565,4.190000
2021-09-28,342.945374,1.168634,9058.602174,4.190000
2021-09-29,336.856781,1.160160,9070.534783,4.190000
2021-09-30,341.293427,1.157448,9082.467391,4.190000
2021-10-01,341.277690,1.158540,9094.400000,4.190000
2021-10-02,341.261953,1.159633,9094.031522,4.210217
2021-10-03,341.246216,1.160726,9093.663043,4.230435
2021-10-04,343.417358,1.161845,9093.294565,4.250652
2021-10-05,338.083954,1.159608,9092.926087,4.270870
2021-10-06,341.623810,1.155535,9092.557609,4.291087
2021-10-07,337.564758,1.155976,9092.189130,4.311304
2021-10-08,336.982635,1.156185,9091.820652,4.331522
2021-10-09,336.400513,1.156395,9091.452174,4.351739
2021-10-10,335.818390,1.156604,9091.083696,4.371957
2021-10-11,335.488007,1.155375,9090.715217,4.392174
2021-10-12,342.095795,1.153403,9090.346739,4.412391
2021-10-13,349.222809,1.159958,9089.978261,4.432609
2021-10-14,348.845245,1.159152,9089.609783,4.452826
2021-10-15,347.696737,1.159335,9089.241304,4.473043
2021-10-16,346.548228,1.159519,9088.872826,4.493261
2021-10-17,345.399719,1.159703,9088.504348,4.513478
2021-10-18,342.237396,1.161386,9088.135870,4.533696
2021-10-19,343.889374,1.163196,9087.767391,4.553913
2021-10-20,348.609253,1.165501,9087.398913,4.574130
2021-10-21,366.308716,1.162534,9087.030435,4.594348
2021-10-22,364.987162,1.163026,9086.661957,4.614565
2021-10-23,363.665609,1.163517,9086.293478,4.634783
2021-10-24,362.344055,1.164009,9085.925000,4.655000
2021-10-25,368.574249,1.161170,9085.556522,4.675217
2021-10-26,366.591919,1.159824,9085.188043,4.695435
2021-10-27,371.406189,1.160012,9084.819565,4.715652
2021-10-28,372.822144,1.168361,9084.451087,4.735870
2021-10-29,373.844788,1.165188,9084.082609,4.756087
2021-10-30,374.867432,1.162015,9083.714130,4.776304
2021-10-31,375.890076,1.158842,9083.345652,4.796522
2021-11-01,377.589203,1.155668,9082.977174,4.816739
2021-11-02,382.828278,1.159958,9082.608696,4.836957
2021-11-03,385.896149,1.157943,9082.240217,4.857174
2021-11-04,389.672028,1.161575,9081.871739,4.877391
2021-11-05,389.498973,1.155535,9081.503261,4.897609
2021-11-06,389.325918,1.155985,9081.134783,4.917826
2021-11-07,389.152863,1.156435,9080.766304,4.938043
2021-11-08,391.324005,1.156885,9080.397826,4.958261
2021-11-09,391.135223,1.159152,9080.029348,4.978478
2021-11-10,391.229614,1.159555,9079.660870,4.998696
2021-11-11,397.365448,1.148594,9079.292391,5.018913
2021-11-12,398.340881,1.145082,9078.923913,5.039130
2021-11-13,399.316315,1.144776,9078.555435,5.059348
2021-11-14,400.291748,1.144470,9078.186957,5.079565
2021-11-15,403.265259,1.144165,9077.818478,5.099783
2021-11-16,405.719574,1.136648,9077.450000,5.120000
2021-11-17,399.206177,1.132118,9077.081522,5.140217
2021-11-18,401.660522,1.132118,9076.713043,5.160435
2021-11-19,399.253387,1.136842,9076.344565,5.180652
2021-11-20,396.846252,1.133752,9075.976087,5.200870
2021-11-21,394.439117,1.130663,9075.607609,5.221087
2021-11-22,388.633698,1.127574,9075.239130,5.241304
2021-11-23,389.436035,1.124215,9074.870652,5.261522
2021-11-24,392.220795,1.124493,9074.502174,5.281739
2021-11-25,379.760345,1.120298,9074.133696,5.301957
2021-11-26,379.603017,1.120963,9073.765217,5.322174
2021-11-27,379.445689,1.123748,9073.396739,5.342391
2021-11-28,379.288361,1.126533,9073.028261,5.362609
2021-11-29,375.229279,1.129318,9072.659783,5.382826
2021-11-30,383.394653,1.129344,9072.291304,5.403043
2021-12-01,375.842834,1.133029,9071.922826,5.423261
2021-12-02,378.438782,1.131952,9071.554348,5.443478
2021-12-03,380.861643,1.130621,9071.185870,5.463696
2021-12-04,383.284505,1.130574,9070.817391,5.483913
2021-12-05,385.707367,1.130527,9070.448913,5.504130
2021-12-06,400.999725,1.130480,9070.080435,5.524348
2021-12-07,394.816711,1.128668,9069.711957,5.544565
2021-12-08,395.619110,1.127650,9069.343478,5.564783
2021-12-09,397.459839,1.134559,9068.975000,5.585000
2021-12-10,396.500132,1.129331,9068.606522,5.605217
2021-12-11,395.540426,1.129948,9068.238043,5.625435
2021-12-12,394.580719,1.130566,9067.869565,5.645652
2021-12-13,391.937592,1.131183,9067.501087,5.665870
2021-12-14,393.919922,1.128541,9067.132609,5.686087
2021-12-15,395.005493,1.126126,9066.764130,5.706304
2021-12-16,389.908020,1.129076,9066.395652,5.726522
2021-12-17,389.262980,1.133414,9066.027174,5.746739
2021-12-18,388.617940,1.130394,9065.658696,5.766957
2021-12-19,387.972900,1.127374,9065.290217,5.787174
2021-12-20,391.654419,1.124354,9064.921739,5.807391
2021-12-21,395.524689,1.127752,9064.553261,5.827609
2021-12-22,398.970184,1.128757,9064.184783,5.847826
2021-12-23,398.687042,1.132888,9063.816304,5.868043
2021-12-24,397.365458,1.132734,9063.447826,5.888261
2021-12-25,396.043874,1.132631,9063.079348,5.908478
2021-12-26,394.722290,1.132529,9062.710870,5.928696
2021-12-27,397.507019,1.132426,9062.342391,5.948913
2021-12-28,395.383118,1.133003,9061.973913,5.969130
2021-12-29,396.279816,1.131478,9061.605435,5.989348
2021-12-30,393.589600,1.136015,9061.236957,6.009565
2021-12-31,396.437236,1.132503,9060.868478,6.029783
2022-01-01,399.284871,1.134117,9060.500000,6.050000
2022-01-02,402.132507,1.135732,9063.225556,6.050000
2022-01-03,407.229950,1.137346,9065.951111,6.050000
2022-01-04,404.209229,1.130224,9068.676667,6.050000
2022-01-05,389.860870,1.128363,9071.402222,6.050000
2022-01-06,386.604095,1.131350,9074.127778,6.050000
2022-01-07,381.915721,1.129688,9076.853333,6.050000
2022-01-08,377.227346,1.131591,9079.578889,6.050000
2022-01-09,372.538971,1.133493,9082.304444,6.050000
2022-01-10,374.143707,1.135396,9085.030000,6.050000
2022-01-11,377.636383,1.133042,9087.755556,6.050000
2022-01-12,367.016693,1.136648,9090.481111,6.050000
2022-01-13,358.143372,1.144165,9093.206667,6.050000
2022-01-14,359.984121,1.145712,9095.932222,6.050000
2022-01-15,361.824870,1.144165,9098.657778,6.050000
2022-01-16,363.665619,1.142618,9101.383333,6.050000
2022-01-17,354.933868,1.141070,9104.108889,6.050000
2022-01-18,356.113800,1.141057,9106.834444,6.050000
2022-01-19,359.464905,1.132965,9109.560000,6.050000
2022-01-20,354.461853,1.134340,9112.285556,6.050000
2022-01-21,351.582743,1.131375,9115.011111,6.050000
2022-01-22,348.703634,1.132299,9117.736667,6.050000
2022-01-23,345.824524,1.133223,9120.462222,6.050000
2022-01-24,349.128418,1.134147,9123.187778,6.050000
2022-01-25,351.252350,1.132413,9125.913333,6.050000
2022-01-26,352.149109,1.130454,9128.638889,6.050000
2022-01-27,347.476501,1.124354,9131.364444,6.050000
2022-01-28,350.229757,1.114703,9134.090000,6.050000
2022-01-29,352.983012,1.114881,9136.815556,6.050000
2022-01-30,355.736267,1.115059,9139.541111,6.050000
2022-01-31,356.632996,1.115237,9142.266667,6.050000
2022-02-01,358.332184,1.122965,9144.992222,6.050000
2022-02-02,351.629944,1.127396,9147.717778,6.050000
2022-02-03,347.146088,1.129995,9150.443333,6.050000
2022-02-04,348.278859,1.143576,9153.168889,6.050000
2022-02-05,349.411631,1.144222,9155.894444,6.050000
2022-02-06,350.544403,1.144868,9158.620000,6.050000
2022-02-07,348.231659,1.145515,9161.345556,6.050000
2022-02-08,350.591553,1.144296,9164.071111,6.050000
2022-02-09,343.606201,1.142126,9166.796667,6.050000
2022-02-10,343.558960,1.142152,9169.522222,6.050000
2022-02-11,340.144928,1.141553,9172.247778,6.050000
2022-02-12,336.730896,1.139870,9174.973333,6.050000
2022-02-13,333.316864,1.138188,9177.698889,6.050000
2022-02-14,339.216705,1.136506,9180.424444,6.050000
2022-02-15,335.252014,1.130633,9183.150000,6.050000
2022-02-16,336.620789,1.135680,9185.875556,6.050000
2022-02-17,340.538300,1.137527,9188.601111,6.050000
2022-02-18,336.038686,1.136648,9191.326667,6.050000
2022-02-19,331.539073,1.135006,9194.052222,6.050000
2022-02-20,327.039459,1.133363,9196.777778,6.050000
2022-02-21,329.210602,1.131721,9199.503333,6.050000
2022-02-22,324.254730,1.130966,9202.228889,6.050000
2022-02-23,321.564392,1.132913,9204.954444,6.050000
2022-02-24,334.119232,1.130569,9207.680000,6.050000
2022-02-25,334.449626,1.119069,9210.405556,6.050000
2022-02-26,334.780019,1.118748,9213.131111,6.050000
2022-02-27,335.110413,1.118427,9215.856667,6.050000
2022-02-28,325.434692,1.118105,9218.582222,6.050000
2022-03-01,328.974579,1.121592,9221.307778,6.050000
2022-03-02,326.897827,1.113276,9224.033333,6.050000
2022-03-03,317.552521,1.111235,9226.758889,6.050000
2022-03-04,319.267415,1.106684,9229.484444,6.050000
2022-03-05,320.982310,1.100274,9232.210000,6.050000
2022-03-06,322.697205,1.093863,9234.935556,6.050000
2022-03-07,309.906311,1.087453,9237.661111,6.050000
2022-03-08,336.054382,1.086531,9240.386667,6.050000
2022-03-09,319.818054,1.089823,9243.112222,6.050000
2022-03-10,319.251678,1.107383,9245.837778,6.050000
2022-03-11,321.470001,1.101394,9248.563333,6.050000
2022-03-12,323.688324,1.098665,9251.288889,6.050000
2022-03-13,325.906647,1.095936,9254.014444,6.050000
2022-03-14,324.726715,1.093207,9256.740000,6.050000
2022-03-15,339.783112,1.094319,9259.465556,6.050000
2022-03-16,340.632660,1.096936,9262.191111,6.050000
2022-03-17,342.379028,1.102196,9264.916667,6.050000
2022-03-18,340.003357,1.109952,9267.642222,6.050000
2022-03-19,337.627686,1.108072,9270.367778,6.050000
2022-03-20,335.252014,1.106193,9273.093333,6.050000
2022-03-21,342.992584,1.104313,9275.818889,6.050000
2022-03-22,337.234375,1.101722,9278.544444,6.050000
2022-03-23,330.296173,1.102974,9281.270000,6.050000
2022-03-24,329.777008,1.100631,9283.995556,6.050000
2022-03-25,331.098551,1.100958,9286.721111,6.050000
2022-03-26,332.420095,1.099573,9289.446667,6.050000
2022-03-27,333.741638,1.098189,9292.172222,6.050000
2022-03-28,348.562042,1.099384,9294.897778,6.050000
2022-03-29,346.107697,1.109152,9297.623333,6.050000
2022-03-30,343.464569,1.116184,9300.348889,6.050000
2022-03-31,347.098877,1.107236,9303.074444,6.050000
2022-04-01,348.152974,1.106400,9305.800000,6.050000
2022-04-02,349.207072,1.105564,9308.760440,6.040769
2022-04-03,350.261169,1.104728,9311.720879,6.031538
2022-04-04,353.517883,1.097586,9314.681319,6.022308
2022-04-05,345.871704,1.090643,9317.641758,6.013077
2022-04-06,346.626892,1.089823,9320.602198,6.003846
2022-04-07,347.240509,1.086484,9323.562637,5.994615
2022-04-08,346.170654,1.087154,9326.523077,5.985385
2022-04-09,345.100800,1.087824,9329.483516,5.976154
2022-04-10,344.030945,1.088495,9332.443956,5.966923
2022-04-11,341.387817,1.087796,9335.404396,5.957692
2022-04-12,339.075134,1.082614,9338.364835,5.948462
2022-04-13,341.199036,1.089657,9341.325275,5.939231
2022-04-14,339.216699,1.082099,9344.285714,5.930000
2022-04-15,337.234363,1.081908,9347.246154,5.920769
2022-04-16,335.252026,1.081717,9350.206593,5.911538
2022-04-17,333.269690,1.081525,9353.167033,5.902308
2022-04-18,331.287354,1.078179,9356.127473,5.893077
2022-04-19,333.836029,1.079447,9359.087912,5.883846
2022-04-20,340.727081,1.084987,9362.048352,5.874615
2022-04-21,333.222473,1.083518,9365.008791,5.865385
2022-04-22,329.729767,1.082713,9367.969231,5.856154
2022-04-23,326.237061,1.081909,9370.929670,5.846923
2022-04-24,322.744354,1.081105,9373.890110,5.837692
2022-04-25,319.251678,1.071421,9376.850549,5.828462
2022-04-26,327.055786,1.064362,9379.810989,5.819231
2022-04-27,332.561768,1.055509,9382.771429,5.810000
2022-04-28,334.093903,1.050420,9385.731868,5.800769
2022-04-29,331.285044,1.051479,9388.692308,5.791538
2022-04-30,328.476186,1.052538,9391.652747,5.782308
2022-05-01,325.667328,1.053596,9394.613187,5.773077
2022-05-02,319.347412,1.050906,9397.573626,5.763846
2022-05-03,315.804413,1.052853,9400.534066,5.754615
2022-05-04,315.229889,1.062248,9403.494505,5.745385
2022-05-05,302.590057,1.053974,9406.454945,5.736154
2022-05-06,298.887482,1.053722,9409.415385,5.726923
2022-05-07,295.184906,1.053471,9412.375824,5.717692
2022-05-08,291.482330,1.053219,9415.336264,5.708462
2022-05-09,295.887115,1.056580,9418.296703,5.699231
2022-05-10,310.106934,1.053297,9421.257143,5.690000
2022-05-11,309.005737,1.051248,9424.217582,5.680769
2022-05-12,318.341980,1.037958,9427.178022,5.671538
2022-05-13,316.857747,1.038660,9430.138462,5.662308
2022-05-14,315.373515,1.039362,9433.098901,5.653077
2022-05-15,313.889282,1.040063,9436.059341,5.643846
2022-05-16,314.320221,1.043896,9439.019780,5.634615
2022-05-17,302.590057,1.054786,9441.980220,5.625385
2022-05-18,295.551971,1.047274,9444.940659,5.616154
2022-05-19,294.738007,1.057899,9447.901099,5.606923
2022-05-20,296.589305,1.057593,9450.861538,5.597692
2022-05-21,298.440603,1.057288,9453.821978,5.588462
2022-05-22,300.291901,1.056982,9456.782418,5.579231
2022-05-23,295.216797,1.068205,9459.742857,5.570000
2022-05-24,294.402893,1.073653,9462.703297,5.560769
2022-05-25,298.711945,1.068661,9465.663736,5.551538
2022-05-26,311.016602,1.073295,9468.624176,5.542308
2022-05-27,313.219004,1.073245,9471.584615,5.533077
2022-05-28,315.421407,1.073196,9474.545055,5.523846
2022-05-29,317.623810,1.073146,9477.505495,5.514615
2022-05-30,314.607452,1.077354,9480.465934,5.505385
2022-05-31,308.287598,1.073411,9483.426374,5.496154
2022-06-01,317.911102,1.065417,9486.386813,5.486923
2022-06-02,313.985046,1.075107,9489.347253,5.477692
2022-06-03,315.644836,1.074273,9492.307692,5.468462
2022-06-04,317.304626,1.073439,9495.268132,5.459231
2022-06-05,318.964417,1.072605,9498.228571,5.450000
2022-06-06,313.458405,1.069141,9501.189011,5.440769
2022-06-07,313.027496,1.069862,9504.149451,5.431538
2022-06-08,308.670593,1.071765,9507.109890,5.422308
2022-06-09,301.393097,1.061921,9510.070330,5.413077
2022-06-10,299.334330,1.057613,9513.030769,5.403846
2022-06-11,297.275564,1.053306,9515.991209,5.394615
2022-06-12,295.216797,1.048999,9518.951648,5.385385
2022-06-13,288.849030,1.041515,9521.912088,5.376154
2022-06-14,294.450775,1.044059,9524.872527,5.366923
2022-06-15,291.530182,1.045620,9527.832967,5.357692
2022-06-16,294.594421,1.054685,9530.793407,5.348462
2022-06-17,294.865723,1.052838,9533.753846,5.339231
2022-06-18,295.137024,1.050990,9536.714286,5.330000
2022-06-19,295.408325,1.049142,9539.674725,5.320769
2022-06-20,302.207062,1.052078,9542.635165,5.311538
2022-06-21,303.499756,1.053264,9545.595604,5.302308
2022-06-22,309.628174,1.056412,9548.556044,5.293077
2022-06-23,322.555267,1.052011,9551.516484,5.283846
2022-06-24,321.821136,1.053545,9554.476923,5.274615
2022-06-25,321.087006,1.055079,9557.437363,5.265385
2022-06-26,320.352875,1.056613,9560.397802,5.256154
2022-06-27,316.905670,1.058089,9563.358242,5.246923
2022-06-28,316.714111,1.052355,9566.318681,5.237692
2022-06-29,315.325653,1.044659,9569.279121,5.228462
2022-06-30,315.421417,1.047768,9572.239560,5.219231
2022-07-01,316.155548,1.046310,9575.200000,5.210000
2022-07-02,316.889679,1.044852,9583.285870,5.210000
2022-07-03,317.623810,1.043395,9591.371739,5.210000
2022-07-04,317.384430,1.043319,9599.457609,5.210000
2022-07-05,332.992706,1.025767,9607.543478,5.210000
2022-07-06,329.306061,1.018641,9615.629348,5.210000
2022-07-07,316.426880,1.016984,9623.715217,5.210000
2022-07-08,316.123637,1.016860,9631.801087,5.210000
2022-07-09,315.820394,1.016736,9639.886957,5.210000
2022-07-10,315.517151,1.016611,9647.972826,5.210000
2022-07-11,324.470398,1.004753,9656.058696,5.210000
2022-07-12,321.741302,1.003311,9664.144565,5.210000
2022-07-13,320.592255,1.003271,9672.230435,5.210000
2022-07-14,325.954620,1.002567,9680.316304,5.210000
2022-07-15,326.529154,1.004922,9688.402174,5.210000
2022-07-16,327.103689,1.007277,9696.488043,5.210000
2022-07-17,327.678223,1.009632,9704.573913,5.210000
2022-07-18,332.466064,1.014518,9712.659783,5.210000
2022-07-19,329.497589,1.023133,9720.745652,5.210000
2022-07-20,332.274536,1.018278,9728.831522,5.210000
2022-07-21,338.594452,1.022108,9736.917391,5.210000
2022-07-22,338.642334,1.021413,9745.003261,5.210000
2022-07-23,338.690216,1.020718,9753.089130,5.210000
2022-07-24,338.738098,1.020023,9761.175000,5.210000
2022-07-25,339.887146,1.022495,9769.260870,5.210000
2022-07-26,340.653198,1.012956,9777.346739,5.210000
2022-07-27,339.647766,1.020929,9785.432609,5.210000
2022-07-28,352.479126,1.019233,9793.518478,5.210000
2022-07-29,352.846191,1.019764,9801.604348,5.210000
2022-07-30,353.213257,1.020294,9809.690217,5.210000
2022-07-31,353.580322,1.020825,9817.776087,5.210000
2022-08-01,348.361572,1.026136,9825.861957,5.210000
2022-08-02,346.063446,1.015569,9833.947826,5.210000
2022-08-03,350.803406,1.015765,9842.033696,5.210000
2022-08-04,342.951355,1.024779,9850.119565,5.210000
2022-08-05,343.861033,1.022215,9858.205435,5.210000
2022-08-06,344.770711,1.019651,9866.291304,5.210000
2022-08-07,345.680389,1.017087,9874.377174,5.210000
2022-08-08,344.052551,1.019763,9882.463043,5.210000
2022-08-09,345.680389,1.020814,9890.548913,5.210000
2022-08-10,345.010132,1.030078,9898.634783,5.210000
2022-08-11,344.674988,1.031672,9906.720652,5.210000
2022-08-12,345.744253,1.029662,9914.806522,5.210000
2022-08-13,346.813517,1.027651,9922.892391,5.210000
2022-08-14,347.882782,1.025641,9930.978261,5.210000
2022-08-15,347.356171,1.016198,9939.064130,5.210000
2022-08-16,349.031891,1.017066,9947.150000,5.210000
2022-08-17,348.361572,1.018019,9955.235870,5.210000
2022-08-18,346.781616,1.008990,9963.321739,5.210000
2022-08-19,346.701813,1.007167,9971.407609,5.210000
2022-08-20,346.622009,1.005345,9979.493478,5.210000
2022-08-21,346.542206,1.003522,9987.579348,5.210000
2022-08-22,339.073242,0.993947,9995.665217,5.210000
2022-08-23,345.345245,0.996691,10003.751087,5.210000
2022-08-24,344.291931,0.996910,10011.836957,5.210000
2022-08-25,337.780518,0.997128,10019.922826,5.210000
2022-08-26,335.897308,0.996041,10028.008696,5.210000
2022-08-27,334.014099,0.994955,10036.094565,5.210000
2022-08-28,332.130890,0.993868,10044.180435,5.210000
2022-08-29,328.061279,1.001402,10052.266304,5.210000
2022-08-30,328.683655,1.002506,10060.352174,5.210000
2022-08-31,323.847961,1.003905,10068.438043,5.210000
2022-09-01,330.167877,0.995233,10076.523913,5.210000
2022-09-02,329.162435,0.993803,10084.609783,5.210000
2022-09-03,328.156993,0.992373,10092.695652,5.210000
2022-09-04,327.151550,0.990943,10100.781522,5.210000
2022-09-05,329.066711,0.995223,10108.867391,5.210000
2022-09-06,327.486725,0.989795,10116.953261,5.210000
2022-09-07,327.103699,0.999570,10125.039130,5.210000
2022-09-08,330.646667,1.001202,10133.125000,5.210000
2022-09-09,332.912903,1.003181,10141.210870,5.210000
2022-09-10,335.179138,1.005161,10149.296739,5.210000
2022-09-11,337.445374,1.007141,10157.382609,5.210000
2022-09-12,333.423615,1.012956,10165.468478,5.210000
2022-09-13,330.167877,0.998203,10173.554348,5.210000
2022-09-14,328.204895,0.998403,10181.640217,5.210000
2022-09-15,324.661926,0.998831,10189.726087,5.210000
2022-09-16,322.746775,0.999966,10197.811957,5.210000
2022-09-17,320.831624,1.001100,10205.897826,5.210000
2022-09-18,318.916473,1.002235,10213.983696,5.210000
2022-09-19,319.874084,1.002959,10222.069565,5.210000
2022-09-20,322.986145,0.997079,10230.155435,5.210000
2022-09-21,314.272339,0.983072,10238.241304,5.210000
2022-09-22,311.974182,0.984155,10246.327174,5.210000
2022-09-23,312.931753,0.979101,10254.413043,5.210000
2022-09-24,313.889323,0.974047,10262.498913,5.210000
2022-09-25,314.846893,0.968992,10270.584783,5.210000
2022-09-26,311.926300,0.962371,10278.670652,5.210000
2022-09-27,311.351746,0.959619,10286.756522,5.210000
2022-09-28,309.628174,0.970817,10294.842391,5.210000
2022-09-29,316.235321,0.982956,10302.928261,5.210000
2022-09-30,315.102214,0.981727,10311.014130,5.210000
2022-10-01,313.969106,0.980498,10319.100000,5.210000
2022-10-02,312.835999,0.979269,10319.766304,5.226522
2022-10-03,323.847961,0.983207,10320.432609,5.243043
2022-10-04,321.358307,0.998432,10321.098913,5.259565
2022-10-05,320.065582,0.991100,10321.765217,5.276087
2022-10-06,314.224457,0.978905,10322.431522,5.292609
2022-10-07,313.139221,0.977103,10323.097826,5.309130
2022-10-08,312.053986,0.975302,10323.764130,5.325652
2022-10-09,310.968750,0.973501,10324.430435,5.342174
2022-10-10,313.602051,0.971006,10325.096739,5.358696
2022-10-11,314.655365,0.970017,10325.763043,5.375217
2022-10-12,306.755463,0.970798,10326.429348,5.391739
2022-10-13,312.500854,0.975134,10327.095652,5.408261
2022-10-14,313.187103,0.974735,10327.761957,5.424783
2022-10-15,313.873352,0.974336,10328.428261,5.441304
2022-10-16,314.559601,0.973937,10329.094565,5.457826
2022-10-17,316.139587,0.984640,10329.760870,5.474348
2022-10-18,313.697784,0.986388,10330.427174,5.490870
2022-10-19,315.229889,0.976648,10331.093478,5.507391
2022-10-20,296.940430,0.977890,10331.759783,5.523913
2022-10-21,298.855560,0.980596,10332.426087,5.540435
2022-10-22,300.770691,0.983302,10333.092391,5.556957
2022-10-23,302.685822,0.986009,10333.758696,5.573478
2022-10-24,308.000275,0.988650,10334.425000,5.590000
2022-10-25,306.228821,0.996373,10335.091304,5.606522
2022-10-26,302.350677,1.009194,10335.757609,5.623043
2022-10-27,300.914307,0.996780,10336.423913,5.639565
2022-10-28,302.143188,0.996460,10337.090217,5.656087
2022-10-29,303.372070,0.996140,10337.756522,5.672609
2022-10-30,304.600952,0.995820,10338.422826,5.689130
2022-10-31,304.026398,0.995500,10339.089130,5.705652
2022-11-01,294.881683,0.988631,10339.755435,5.722174
2022-11-02,288.226593,0.987791,10340.421739,5.738696
2022-11-03,307.760895,0.981441,10341.088043,5.755217
2022-11-04,308.335439,0.974963,10341.754348,5.771739
2022-11-05,308.909983,0.980936,10342.420652,5.788261
2022-11-06,309.484528,0.986908,10343.086957,5.804783
2022-11-07,313.745667,0.992881,10343.753261,5.821304
2022-11-08,313.889282,1.001863,10344.419565,5.837826
2022-11-09,324.183105,1.008085,10345.085870,5.854348
2022-11-10,332.083008,1.001954,10345.752174,5.870870
2022-11-11,331.987254,1.019222,10346.418478,5.887391
2022-11-12,331.891500,1.023767,10347.084783,5.903913
2022-11-13,331.795746,1.028311,10347.751087,5.920435
2022-11-14,328.204895,1.032855,10348.417391,5.936957
2022-11-15,330.886078,1.031928,10349.083696,5.953478
2022-11-16,331.843597,1.035786,10349.750000,5.970000
2022-11-17,333.327850,1.039501,10350.416304,5.986522
2022-11-18,333.375722,1.036173,10351.082609,6.003043
2022-11-19,333.423594,1.035145,10351.748913,6.019565
2022-11-20,333.471466,1.034118,10352.415217,6.036087
2022-11-21,330.120026,1.033090,10353.081522,6.052609
2022-11-22,334.141785,1.024569,10353.747826,6.069130
2022-11-23,336.392059,1.031109,10354.414130,6.085652
2022-11-24,335.386597,1.041623,10355.080435,6.102174
2022-11-25,336.168620,1.040810,10355.746739,6.118696
2022-11-26,336.950643,1.039458,10356.413043,6.135217
2022-11-27,337.732666,1.038105,10357.079348,6.151739
2022-11-28,332.753326,1.036753,10357.745652,6.168261
2022-11-29,339.743530,1.034554,10358.411957,6.184783
2022-11-30,343.190765,1.032450,10359.078261,6.201304
2022-12-01,345.441040,1.042535,10359.744565,6.217826
2022-12-02,344.180237,1.052842,10360.410870,6.234348
2022-12-03,342.919434,1.053368,10361.077174,6.250870
2022-12-04,341.658630,1.053893,10361.743478,6.267391
2022-12-05,343.717407,1.054419,10362.409783,6.283913
2022-12-06,341.323517,1.049692,10363.076087,6.300435
2022-12-07,339.935028,1.046901,10363.742391,6.316957
2022-12-08,339.935028,1.051326,10364.408696,6.333478
2022-12-09,338.243337,1.055966,10365.075000,6.350000
2022-12-10,336.551646,1.054718,10365.741304,6.366522
2022-12-11,334.859955,1.053470,10366.407609,6.383043
2022-12-12,339.264740,1.052222,10367.073913,6.399565
2022-12-13,340.413818,1.054174,10367.740217,6.416087
2022-12-14,324.757660,1.062665,10368.406522,6.432609
2022-12-15,321.501923,1.067635,10369.072826,6.449130
2022-12-16,321.278493,1.064056,10369.739130,6.465652
2022-12-17,321.055064,1.062205,10370.405435,6.482174
2022-12-18,320.831635,1.060354,10371.071739,6.498696
2022-12-19,315.995941,1.058504,10371.738043,6.515217
2022-12-20,325.667328,1.061458,10372.404348,6.531739
2022-12-21,320.496521,1.062699,10373.070652,6.548261
2022-12-22,319.108032,1.061008,10373.736957,6.564783
2022-12-23,319.945892,1.060333,10374.403261,6.581304
2022-12-24,320.783752,1.062482,10375.069565,6.597826
2022-12-25,321.621613,1.064631,10375.735870,6.614348
2022-12-26,322.459473,1.066780,10376.402174,6.630870
2022-12-27,321.166779,1.064022,10377.068478,6.647391
2022-12-28,324.326752,1.063717,10377.734783,6.663913
2022-12-29,319.443176,1.062925,10378.401087,6.680435
2022-12-30,320.560333,1.066075,10379.067391,6.696957
2022-12-31,321.677490,1.067708,10379.733696,6.713478
2023-01-01,322.794647,1.069341,10380.400000,6.730000
2023-01-02,324.039490,1.070973,10378.325556,6.730000
2023-01-03,341.036224,1.067771,10376.251111,6.730000
2023-01-04,339.025330,1.054685,10374.176667,6.730000
2023-01-05,343.382294,1.060637,10372.102222,6.730000
2023-01-06,345.696391,1.052222,10370.027778,6.730000
2023-01-07,348.010488,1.056692,10367.953333,6.730000
2023-01-08,350.324585,1.061162,10365.878889,6.730000
2023-01-09,348.888275,1.065632,10363.804444,6.730000
2023-01-10,352.096100,1.073318,10361.730000,6.730000
2023-01-11,351.569397,1.073895,10359.655556,6.730000
2023-01-12,358.032990,1.076600,10357.581111,6.730000
2023-01-13,359.166107,1.086024,10355.506667,6.730000
2023-01-14,360.299225,1.084837,10353.432222,6.730000
2023-01-15,361.432343,1.083649,10351.357778,6.730000
2023-01-16,370.577057,1.082462,10349.283333,6.730000
2023-01-17,367.321350,1.083013,10347.208889,6.730000
2023-01-18,360.618439,1.079331,10345.134444,6.730000
2023-01-19,364.257141,1.079785,10343.060000,6.730000
2023-01-20,365.087036,1.083388,10340.985556,6.730000
2023-01-21,365.916931,1.084428,10338.911111,6.730000
2023-01-22,366.746826,1.085468,10336.836667,6.730000
2023-01-23,363.395355,1.086508,10334.762222,6.730000
2023-01-24,365.071075,1.087429,10332.687778,6.730000
2023-01-25,368.949219,1.088815,10330.613333,6.730000
2023-01-26,362.389923,1.092204,10328.538889,6.730000
2023-01-27,362.980418,1.089443,10326.464444,6.730000
2023-01-28,363.570913,1.088677,10324.390000,6.730000
2023-01-29,364.161407,1.087911,10322.315556,6.730000
2023-01-30,362.006836,1.087146,10320.241111,6.730000
2023-01-31,356.596649,1.085069,10318.166667,6.730000
2023-02-01,361.384430,1.086095,10316.092222,6.730000
2023-02-02,368.087402,1.101285,10314.017778,6.730000
2023-02-03,367.305400,1.090513,10311.943333,6.730000
2023-02-04,366.523397,1.086704,10309.868889,6.730000
2023-02-05,365.741394,1.082895,10307.794444,6.730000
2023-02-06,360.857819,1.079086,10305.720000,6.730000
2023-02-07,359.421448,1.073076,10303.645556,6.730000
2023-02-08,362.677185,1.072973,10301.571111,6.730000
2023-02-09,359.660828,1.071582,10299.496667,6.730000
2023-02-10,364.145426,1.074229,10297.422222,6.730000
2023-02-11,368.630025,1.072077,10295.347778,6.730000
2023-02-12,373.114624,1.069924,10293.273333,6.730000
2023-02-13,371.295258,1.067771,10291.198889,6.730000
2023-02-14,373.449738,1.073042,10289.124444,6.730000
2023-02-15,374.981873,1.073572,10287.050000,6.730000
2023-02-16,368.278900,1.069176,10284.975556,6.730000
2023-02-17,367.113881,1.066576,10282.901111,6.730000
2023-02-18,365.948863,1.067199,10280.826667,6.730000
2023-02-19,364.783844,1.067822,10278.752222,6.730000
2023-02-20,369.475861,1.068444,10276.677778,6.730000
2023-02-21,369.858887,1.068262,10274.603333,6.730000
2023-02-22,368.087402,1.065201,10272.528889,6.730000
2023-02-23,357.123322,1.060580,10270.454444,6.730000
2023-02-24,358.815013,1.059805,10268.380000,6.730000
2023-02-25,360.506704,1.058362,10266.305556,6.730000
2023-02-26,362.198395,1.056919,10264.231111,6.730000
2023-02-27,359.182037,1.055476,10262.156667,6.730000
2023-02-28,356.213593,1.061121,10260.082222,6.730000
2023-03-01,362.294128,1.057731,10258.007778,6.730000
2023-03-02,363.730499,1.066894,10255.933333,6.730000
2023-03-03,363.219798,1.059973,10253.858889,6.730000
2023-03-04,362.709096,1.060856,10251.784444,6.730000
2023-03-05,362.198395,1.061738,10249.710000,6.730000
2023-03-06,361.097198,1.062620,10247.635556,6.730000
2023-03-07,360.235382,1.068833,10245.561111,6.730000
2023-03-08,359.900208,1.055075,10243.486667,6.730000
2023-03-09,357.937225,1.054953,10241.412222,6.730000
2023-03-10,357.745717,1.058470,10239.337778,6.730000
2023-03-11,357.554209,1.061768,10237.263333,6.730000
2023-03-12,357.362701,1.065066,10235.188889,6.730000
2023-03-13,361.575989,1.068365,10233.114444,6.730000
2023-03-14,355.399689,1.072501,10231.040000,6.730000
2023-03-15,367.417114,1.072766,10228.965556,6.730000
2023-03-16,364.113495,1.058335,10226.891111,6.730000
2023-03-17,366.252065,1.061413,10224.816667,6.730000
2023-03-18,368.390635,1.063571,10222.742222,6.730000
2023-03-19,370.529205,1.065728,10220.667778,6.730000
2023-03-20,369.236481,1.067886,10218.593333,6.730000
2023-03-21,377.088470,1.071915,10216.518889,6.730000
2023-03-22,380.631470,1.077424,10214.444444,6.730000
2023-03-23,381.158112,1.087039,10212.370000,6.730000
2023-03-24,381.988017,1.083506,10210.295556,6.730000
2023-03-25,382.817922,1.080662,10208.221111,6.730000
2023-03-26,383.647827,1.077819,10206.146667,6.730000
2023-03-27,381.206024,1.080707,10204.072222,6.730000
2023-03-28,385.802307,1.083952,10201.997778,6.730000
2023-03-29,388.339874,1.084363,10199.923333,6.730000
2023-03-30,393.797974,1.090465,10197.848889,6.730000
2023-03-31,395.138560,1.087088,10195.774444,6.730000
2023-04-01,396.479146,1.083711,10193.700000,6.730000
2023-04-02,397.819733,1.080334,10191.605495,6.718242
2023-04-03,402.511810,1.091227,10189.510989,6.706484
2023-04-04,405.719666,1.096011,10187.416484,6.694725
2023-04-05,392.696777,1.090334,10185.321978,6.682967
2023-04-06,394.046936,1.092013,10183.227473,6.671209
2023-04-07,395.397095,1.091795,10181.132967,6.659451
2023-04-08,396.747253,1.091576,10179.038462,6.647692
2023-04-09,398.097412,1.091358,10176.943956,6.635934
2023-04-10,399.447571,1.086933,10174.849451,6.624176
2023-04-11,394.659790,1.091751,10172.754945,6.612418
2023-04-12,406.102692,1.099989,10170.660440,6.600659
2023-04-13,402.799072,1.105461,10168.565934,6.588901
2023-04-14,403.597046,1.103194,10166.471429,6.577143
2023-04-15,404.395020,1.100927,10164.376923,6.565385
2023-04-16,405.192993,1.098660,10162.282418,6.553626
2023-04-17,406.294159,1.092538,10160.187912,6.541868
2023-04-18,404.379028,1.097538,10158.093407,6.530110
2023-04-19,411.321350,1.095218,10155.998901,6.518352
2023-04-20,423.817596,1.097093,10153.904396,6.506593
2023-04-21,422.093984,1.097804,10151.809890,6.494835
2023-04-22,420.370372,1.098516,10149.715385,6.483077
2023-04-23,418.646759,1.099227,10147.620879,6.471319
2023-04-24,414.050446,1.105950,10145.526374,6.459560
2023-04-25,415.312805,1.097839,10143.431868,6.447802
2023-04-26,427.180298,1.104728,10141.337363,6.436044
2023-04-27,426.195435,1.103205,10139.242857,6.424286
2023-04-28,425.703011,1.102500,10137.148352,6.412527
2023-04-29,425.210587,1.101796,10135.053846,6.400769
2023-04-30,424.718163,1.101091,10132.959341,6.389011
2023-05-01,424.225739,1.096924,10130.864835,6.377253
2023-05-02,422.206787,1.101091,10128.770330,6.365495
2023-05-03,414.820374,1.106893,10126.675824,6.353736
2023-05-04,418.021149,1.102293,10124.581319,6.341978
2023-05-05,419.285044,1.102151,10122.486813,6.330220
2023-05-06,420.548940,1.102009,10120.392308,6.318462
2023-05-07,421.812836,1.101868,10118.297802,6.306703
2023-05-08,416.297668,1.099614,10116.203297,6.294945
2023-05-09,410.880981,1.096467,10114.108791,6.283187
2023-05-10,417.282532,1.098406,10112.014286,6.271429
2023-05-11,414.721893,1.091215,10109.919780,6.259670
2023-05-12,414.754720,1.089233,10107.825275,6.247912
2023-05-13,414.787547,1.087251,10105.730769,6.236154
2023-05-14,414.820374,1.085270,10103.636264,6.224396
2023-05-15,413.195343,1.087370,10101.541758,6.212637
2023-05-16,409.206696,1.086567,10099.447253,6.200879
2023-05-17,410.683990,1.083835,10097.352747,6.189121
2023-05-18,415.214325,1.077540,10095.258242,6.177363
2023-05-19,414.278707,1.079118,10093.163736,6.165604
2023-05-20,413.343089,1.080696,10091.069231,6.153846
2023-05-21,412.407471,1.082275,10088.974725,6.142088
2023-05-22,406.350647,1.081105,10086.880220,6.130330
2023-05-23,397.880890,1.076971,10084.785714,6.118571
2023-05-24,400.490753,1.075732,10082.691209,6.106813
2023-05-25,404.774872,1.072444,10080.596703,6.095055
2023-05-26,403.839254,1.072398,10078.502198,6.083297
2023-05-27,402.903636,1.072352,10076.407692,6.071538
2023-05-28,401.968018,1.072306,10074.313187,6.059780
2023-05-29,398.077881,1.070767,10072.218681,6.048022
2023-05-30,392.956635,1.073307,10070.124176,6.036264
2023-05-31,394.089203,1.069519,10068.029670,6.024505
2023-06-01,401.623322,1.076079,10065.935165,6.012747
2023-06-02,400.720540,1.074007,10063.840659,6.000989
2023-06-03,399.817759,1.071934,10061.746154,5.989231
2023-06-04,398.914978,1.069862,10059.651648,5.977473
2023-06-05,397.289978,1.071180,10057.557143,5.965714
2023-06-06,394.384674,1.069805,10055.462637,5.953956
2023-06-07,396.255890,1.070744,10053.368132,5.942198
2023-06-08,396.108154,1.078272,10051.273626,5.930440
2023-06-09,396.830373,1.077213,10049.179121,5.918681
2023-06-10,397.552592,1.076154,10047.084615,5.906923
2023-06-11,398.274811,1.075095,10044.990110,5.895165
2023-06-12,400.195312,1.076299,10042.895604,5.883407
2023-06-13,405.956696,1.078935,10040.801099,5.871648
2023-06-14,403.593018,1.084305,10038.706593,5.859890
2023-06-15,408.665039,1.094595,10036.612088,5.848132
2023-06-16,407.844330,1.094467,10034.517582,5.836374
2023-06-17,407.023621,1.094339,10032.423077,5.824615
2023-06-18,406.202911,1.094212,10030.328571,5.812857
2023-06-19,406.646088,1.092430,10028.234066,5.801099
2023-06-20,401.869537,1.092037,10026.139560,5.789341
2023-06-21,400.146027,1.099264,10024.045055,5.777582
2023-06-22,400.244537,1.095890,10021.950549,5.765824
2023-06-23,399.440247,1.094149,10019.856044,5.754066
2023-06-24,398.635956,1.092408,10017.761538,5.742308
2023-06-25,397.831665,1.090667,10015.667033,5.730549
2023-06-26,401.081665,1.091048,10013.572527,5.718791
2023-06-27,408.221863,1.095722,10011.478022,5.707033
2023-06-28,413.343109,1.091584,10009.383516,5.695275
2023-06-29,420.631012,1.086803,10007.289011,5.683516
2023-06-30,419.465597,1.088119,10005.194505,5.671758
2023-07-01,418.300181,1.089435,10003.100000,5.660000
2023-07-02,417.134766,1.090750,10009.645652,5.660000
2023-07-03,417.577972,1.091310,10016.191304,5.660000
2023-07-04,415.411285,1.088495,10022.736957,5.660000
2023-07-05,401.918793,1.085658,10029.282609,5.660000
2023-07-06,396.551331,1.089064,10035.828261,5.660000
2023-07-07,397.634674,1.091700,10042.373913,5.660000
2023-07-08,398.718018,1.094336,10048.919565,5.660000
2023-07-09,399.801361,1.096972,10055.465217,5.660000
2023-07-10,402.854401,1.100594,10062.010870,5.660000
2023-07-11,407.975647,1.101406,10068.556522,5.660000
2023-07-12,411.767334,1.114455,10075.102174,5.660000
2023-07-13,415.214325,1.122347,10081.647826,5.660000
2023-07-14,412.702952,1.122490,10088.193478,5.660000
2023-07-15,410.191579,1.122633,10094.739130,5.660000
2023-07-16,407.680206,1.122776,10101.284783,5.660000
2023-07-17,402.165009,1.123760,10107.830435,5.660000
2023-07-18,400.146027,1.122889,10114.376087,5.660000
2023-07-19,394.926331,1.120523,10120.921739,5.660000
2023-07-20,404.922577,1.113710,10127.467391,5.660000
2023-07-21,403.757172,1.113317,10134.013043,5.660000
2023-07-22,402.591766,1.112925,10140.558696,5.660000
2023-07-23,401.426361,1.112533,10147.104348,5.660000
2023-07-24,403.740784,1.106317,10153.650000,5.660000
2023-07-25,400.884674,1.105046,10160.195652,5.660000
2023-07-26,406.399872,1.107837,10166.741304,5.660000
2023-07-27,414.475677,1.097876,10173.286957,5.660000
2023-07-28,415.247152,1.099393,10179.832609,5.660000
2023-07-29,416.018626,1.100909,10186.378261,5.660000
2023-07-30,416.790100,1.102426,10192.923913,5.660000
2023-07-31,409.748352,1.099759,10199.469565,5.660000
2023-08-01,407.680206,1.100788,10206.015217,5.660000
2023-08-02,405.907440,1.094415,10212.560870,5.660000
2023-08-03,405.612000,1.095158,10219.106522,5.660000
2023-08-04,404.479411,1.096861,10225.652174,5.660000
2023-08-05,403.346822,1.098564,10232.197826,5.660000
2023-08-06,402.214233,1.100267,10238.743478,5.660000
2023-08-07,399.161194,1.100316,10245.289130,5.660000
2023-08-08,400.638458,1.095890,10251.834783,5.660000
2023-08-09,412.752197,1.097767,10258.380435,5.660000
2023-08-10,406.055176,1.098165,10264.926087,5.660000
2023-08-11,407.105682,1.096923,10271.471739,5.660000
2023-08-12,408.156189,1.095681,10278.017391,5.660000
2023-08-13,409.206696,1.094439,10284.563043,5.660000
2023-08-14,402.312744,1.090988,10291.108696,5.660000
2023-08-15,401.574097,1.090417,10297.654348,5.660000
2023-08-16,396.551331,1.087488,10304.200000,5.660000
2023-08-17,392.168762,1.087465,10310.745652,5.660000
2023-08-18,392.103099,1.087496,10317.291304,5.660000
2023-08-19,392.037435,1.087528,10323.836957,5.660000
2023-08-20,391.971771,1.087559,10330.382609,5.660000
2023-08-21,390.297516,1.089835,10336.928261,5.660000
2023-08-22,395.221771,1.084669,10343.473913,5.660000
2023-08-23,394.286194,1.086579,10350.019565,5.660000
2023-08-24,395.369537,1.079914,10356.565217,5.660000
2023-08-25,396.600596,1.079855,10363.110870,5.660000
2023-08-26,397.831655,1.079797,10369.656522,5.660000
2023-08-27,399.062714,1.079739,10376.202174,5.660000
2023-08-28,402.952881,1.082556,10382.747826,5.660000
2023-08-29,403.888489,1.086921,10389.293478,5.660000
2023-08-30,399.653625,1.093255,10395.839130,5.660000
2023-08-31,399.062714,1.084410,10402.384783,5.660000
2023-09-01,399.243266,1.082136,10408.930435,5.660000
2023-09-02,399.423818,1.079861,10415.476087,5.660000
2023-09-03,399.604370,1.077586,10422.021739,5.660000
2023-09-04,397.733154,1.079447,10428.567391,5.660000
2023-09-05,392.168762,1.072616,10435.113043,5.660000
2023-09-06,392.365692,1.072420,10441.658696,5.660000
2023-09-07,398.127106,1.069782,10448.204348,5.660000
2023-09-08,399.079132,1.070458,10454.750000,5.660000
2023-09-09,400.031158,1.071135,10461.295652,5.660000
2023-09-10,400.983185,1.071811,10467.841304,5.660000
2023-09-11,395.221771,1.075038,10474.386957,5.660000
2023-09-12,391.479340,1.075327,10480.932609,5.660000
2023-09-13,395.911194,1.073422,10487.478261,5.660000
2023-09-14,403.790009,1.063717,10494.023913,5.660000
2023-09-15,401.951609,1.064753,10500.569565,5.660000
2023-09-16,400.113210,1.065790,10507.115217,5.660000
2023-09-17,398.274811,1.066826,10513.660870,5.660000
2023-09-18,394.286194,1.069267,10520.206522,5.660000
2023-09-19,403.790009,1.068205,10526.752174,5.660000
2023-09-20,393.646027,1.065303,10533.297826,5.660000
2023-09-21,392.316467,1.066155,10539.843478,5.660000
2023-09-22,390.067719,1.065720,10546.389130,5.660000
2023-09-23,387.818970,1.065284,10552.934783,5.660000
2023-09-24,385.570221,1.064849,10559.480435,5.660000
2023-09-25,381.680023,1.059165,10566.026087,5.660000
2023-09-26,380.842926,1.056948,10572.571739,5.660000
2023-09-27,384.388367,1.050531,10579.117391,5.660000
2023-09-28,387.244476,1.056245,10585.663043,5.660000
2023-09-29,387.408620,1.056338,10592.208696,5.660000
2023-09-30,387.572764,1.056431,10598.754348,5.660000
2023-10-01,387.736908,1.056524,10605.300000,5.660000
2023-10-02,385.914917,1.048075,10612.253261,5.674348
2023-10-03,386.111877,1.047230,10619.206522,5.688696
2023-10-04,385.422485,1.050707,10626.159783,5.703043
2023-10-05,388.229340,1.054663,10633.113043,5.717391
2023-10-06,385.882090,1.055358,10640.066304,5.731739
2023-10-07,383.534841,1.056053,10647.019565,5.746087
2023-10-08,381.187592,1.056747,10653.972826,5.760435
2023-10-09,391.725555,1.057888,10660.926087,5.774783
2023-10-10,390.789917,1.060479,10667.879348,5.789130
2023-10-11,387.244476,1.062428,10674.832609,5.803478
2023-10-12,378.823975,1.053674,10681.785870,5.817826
2023-10-13,379.513367,1.053168,10688.739130,5.832174
2023-10-14,380.202759,1.052662,10695.692391,5.846522
2023-10-15,380.892151,1.052155,10702.645652,5.860870
2023-10-16,381.532318,1.055431,10709.598913,5.875217
2023-10-17,377.297455,1.057306,10716.552174,5.889565
2023-10-18,380.350494,1.053852,10723.505435,5.903913
2023-10-19,374.490601,1.058649,10730.458696,5.918261
2023-10-20,376.657288,1.058765,10737.411957,5.932609
2023-10-21,378.823975,1.058881,10744.365217,5.946957
2023-10-22,380.990662,1.058997,10751.318478,5.961304
2023-10-23,388.130829,1.066985,10758.271739,5.975652
2023-10-24,393.153595,1.059535,10765.225000,5.990000
2023-10-25,387.195221,1.056725,10772.178261,6.004348
2023-10-26,384.634583,1.056446,10779.131522,6.018696
2023-10-27,385.127014,1.056396,10786.084783,6.033043
2023-10-28,385.619446,1.056346,10793.038043,6.047391
2023-10-29,386.111877,1.056295,10799.991304,6.061739
2023-10-30,390.149780,1.056245,10806.944565,6.076087
2023-10-31,390.986908,1.061504,10813.897826,6.090435
2023-11-01,397.142242,1.057910,10820.851087,6.104783
2023-11-02,397.585449,1.058705,10827.804348,6.119130
2023-11-03,397.404887,1.061909,10834.757609,6.133478
2023-11-04,397.224325,1.065678,10841.710870,6.147826
2023-11-05,397.043762,1.069446,10848.664130,6.162174
2023-11-06,399.308929,1.073215,10855.617391,6.176522
2023-11-07,409.157471,1.072156,10862.570652,6.190870
2023-11-08,412.653687,1.069610,10869.523913,6.205217
2023-11-09,407.975647,1.071042,10876.477174,6.219565
2023-11-10,408.106954,1.066758,10883.430435,6.233913
2023-11-11,408.238261,1.067510,10890.383696,6.248261
2023-11-12,408.369568,1.068263,10897.336957,6.262609
2023-11-13,418.168884,1.069016,10904.290217,6.276957
2023-11-14,417.479462,1.070183,10911.243478,6.291304
2023-11-15,414.623413,1.087831,10918.196739,6.305652
2023-11-16,417.528717,1.085458,10925.150000,6.320000
2023-11-17,416.806488,1.085376,10932.103261,6.334348
2023-11-18,416.084259,1.087151,10939.056522,6.348696
2023-11-19,415.362030,1.088927,10946.009783,6.363043
2023-11-20,419.202972,1.090703,10952.963043,6.377391
2023-11-21,423.142365,1.094595,10959.916304,6.391739
2023-11-22,422.748444,1.091822,10966.869565,6.406087
2023-11-23,424.915131,1.089087,10973.822826,6.420435
2023-11-24,425.407562,1.090631,10980.776087,6.434783
2023-11-25,425.899994,1.091769,10987.729348,6.449130
2023-11-26,426.392426,1.092906,10994.682609,6.463478
2023-11-27,424.176483,1.094044,11001.635870,6.477826
2023-11-28,425.309082,1.095842,11008.589130,6.492174
2023-11-29,424.521179,1.100594,11015.542391,6.506522
2023-11-30,429.543915,1.097370,11022.495652,6.520870
2023-12-01,429.790131,1.089206,11029.448913,6.535217
2023-12-02,430.036346,1.089076,11036.402174,6.549565
2023-12-03,430.282562,1.088945,11043.355435,6.563913
2023-12-04,433.089417,1.088815,11050.308696,6.578261
2023-12-05,434.714417,1.083776,11057.261957,6.592609
2023-12-06,432.104553,1.079366,11064.215217,6.606957
2023-12-07,435.256104,1.076670,11071.168478,6.621304
2023-12-08,435.879842,1.079214,11078.121739,6.635652
2023-12-09,436.503581,1.078335,11085.075000,6.650000
2023-12-10,437.127319,1.077456,11092.028261,6.664348
2023-12-11,437.964447,1.076577,11098.981522,6.678696
2023-12-12,438.703094,1.076658,11105.934783,6.693043
2023-12-13,436.831848,1.079867,11112.888043,6.707391
2023-12-14,439.786407,1.088613,11119.841304,6.721739
2023-12-15,440.081868,1.099360,11126.794565,6.736087
2023-12-16,440.377330,1.096082,11133.747826,6.750435
2023-12-17,440.672791,1.092804,11140.701087,6.764783
2023-12-18,443.922791,1.089526,11147.654348,6.779130
2023-12-19,442.445526,1.092383,11154.607609,6.793478
2023-12-20,441.411438,1.098105,11161.560870,6.807826
2023-12-21,440.771240,1.094571,11168.514130,6.822174
2023-12-22,440.997766,1.100619,11175.467391,6.836522
2023-12-23,441.224292,1.101298,11182.420652,6.850870
2023-12-24,441.450818,1.101978,11189.373913,6.865217
2023-12-25,441.677344,1.102657,11196.327174,6.879565
2023-12-26,441.903870,1.102026,11203.280435,6.893913
2023-12-27,444.464447,1.104301,11210.233696,6.908261
2023-12-28,443.824310,1.110864,11217.186957,6.922609
2023-12-29,442.137749,1.106819,11224.140217,6.936957
2023-12-30,440.451187,1.106407,11231.093478,6.951304
2023-12-31,438.764626,1.105995,11238.046739,6.965652
2024-01-01,437.078064,1.105583,11245.000000,6.980000
2024-01-02,432.153778,1.103875,11240.942857,6.980000
2024-01-03,430.725769,1.094176,11236.885714,6.980000
2024-01-04,427.672699,1.092777,11232.828571,6.980000
2024-01-05,429.051503,1.094739,11228.771429,6.980000
2024-01-06,430.430308,1.094567,11224.714286,6.980000
2024-01-07,431.809113,1.094395,11220.657143,6.980000
2024-01-08,433.828033,1.094224,11216.600000,6.980000
2024-01-09,433.335632,1.095170,11212.542857,6.980000
2024-01-10,434.812897,1.093243,11208.485714,6.980000
2024-01-11,438.653839,1.097514,11204.428571,6.980000
2024-01-12,431.694204,1.098165,11200.371429,6.980000
2024-01-13,424.734568,1.096967,11196.314286,6.980000
2024-01-14,417.774933,1.095769,11192.257143,6.980000
2024-01-15,418.365845,1.094571,11188.200000,6.980000
2024-01-16,415.706757,1.094571,11184.142857,6.980000
2024-01-17,419.744659,1.087879,11180.085714,6.980000
2024-01-18,419.744659,1.088578,11176.028571,6.980000
2024-01-19,419.268636,1.087914,11171.971429,6.980000
2024-01-20,418.792613,1.088353,11167.914286,6.980000
2024-01-21,418.316589,1.088791,11163.857143,6.980000
2024-01-22,420.040100,1.089230,11159.800000,6.980000
2024-01-23,422.502228,1.088021,11155.742857,6.980000
2024-01-24,425.850739,1.085788,11151.685714,6.980000
2024-01-25,438.358368,1.088175,11147.628571,6.980000
2024-01-26,438.210642,1.084705,11143.571429,6.980000
2024-01-27,438.062917,1.084587,11139.514286,6.980000
2024-01-28,437.915192,1.084469,11135.457143,6.980000
2024-01-29,439.540192,1.084352,11131.400000,6.980000
2024-01-30,437.964447,1.083447,11127.342857,6.980000
2024-01-31,442.544006,1.084340,11123.285714,6.980000
2024-02-01,440.869751,1.080392,11119.228571,6.980000
2024-02-02,443.528859,1.087465,11115.171429,6.980000
2024-02-03,446.187968,1.084311,11111.114286,6.980000
2024-02-04,448.847076,1.081158,11107.057143,6.980000
2024-02-05,447.074341,1.078004,11103.000000,6.980000
2024-02-06,445.350861,1.074183,11098.942857,6.980000
2024-02-07,446.286438,1.075720,11094.885714,6.980000
2024-02-08,412.456726,1.077575,11090.828571,6.980000
2024-02-09,415.690328,1.077726,11086.771429,6.980000
2024-02-10,418.923930,1.078424,11082.714286,6.980000
2024-02-11,422.157532,1.079122,11078.657143,6.980000
2024-02-12,421.517365,1.079820,11074.600000,6.980000
2024-02-13,424.767395,1.077226,11070.542857,6.980000
2024-02-14,431.119690,1.070893,11066.485714,6.980000
2024-02-15,435.699249,1.073215,11062.428571,6.980000
2024-02-16,435.338135,1.077389,11058.371429,6.980000
2024-02-17,434.977020,1.077757,11054.314286,6.980000
2024-02-18,434.615906,1.078125,11050.257143,6.980000
2024-02-19,436.881104,1.078493,11046.200000,6.980000
2024-02-20,437.816681,1.077540,11042.142857,6.980000
2024-02-21,444.316742,1.081315,11038.085714,6.980000
2024-02-22,443.381134,1.082040,11034.028571,6.980000
2024-02-23,443.528859,1.082567,11029.971429,6.980000
2024-02-24,443.676585,1.082380,11025.914286,6.980000
2024-02-25,443.824310,1.082193,11021.857143,6.980000
2024-02-26,444.513702,1.082005,11017.800000,6.980000
2024-02-27,439.786407,1.085093,11013.742857,6.980000
2024-02-28,435.009888,1.084481,11009.685714,6.980000
2024-02-29,435.256104,1.083882,11005.628571,6.980000
2024-03-01,435.797770,1.080497,11001.571429,6.980000
2024-03-02,436.339437,1.081754,10997.514286,6.980000
2024-03-03,436.881104,1.083012,10993.457143,6.980000
2024-03-04,431.710632,1.084269,10989.400000,6.980000
2024-03-05,431.513641,1.085517,10985.342857,6.980000
2024-03-06,438.604584,1.085600,10981.285714,6.980000
2024-03-07,442.199310,1.089954,10977.228571,6.980000
2024-03-08,441.953094,1.095014,10973.171429,6.980000
2024-03-09,441.706879,1.094775,10969.114286,6.980000
2024-03-10,441.460663,1.094535,10965.057143,6.980000
2024-03-11,443.775085,1.094296,10961.000000,6.980000
2024-03-12,447.320557,1.093135,10956.942857,6.980000
2024-03-13,444.415222,1.092777,10952.885714,6.980000
2024-03-14,439.392456,1.095530,10948.828571,6.980000
2024-03-15,437.882345,1.088341,10944.771429,6.980000
2024-03-16,436.372233,1.088313,10940.714286,6.980000
2024-03-17,434.862122,1.088285,10936.657143,6.980000
2024-03-18,434.517456,1.088258,10932.600000,6.980000
2024-03-19,430.134857,1.087394,10928.542857,6.980000
2024-03-20,428.362122,1.086331,10924.485714,6.980000
2024-03-21,426.096954,1.093721,10920.428571,6.980000
2024-03-22,427.016154,1.086236,10916.371429,6.980000
2024-03-23,427.935354,1.084409,10912.314286,6.980000
2024-03-24,428.854553,1.082581,10908.257143,6.980000
2024-03-25,427.377258,1.080754,10904.200000,6.980000
2024-03-26,432.350769,1.083823,10900.142857,6.980000
2024-03-27,432.006073,1.083236,10896.085714,6.980000
2024-03-28,430.489398,1.081338,10892.028571,6.980000
2024-03-29,428.972723,1.079447,10887.971429,6.980000
2024-03-30,427.456049,1.079360,10883.914286,6.980000
2024-03-31,425.939374,1.079273,10879.857143,6.980000
2024-04-01,424.422699,1.073722,10875.800000,6.980000
2024-04-02,414.968109,1.076855,10869.306593,6.980000
2024-04-03,414.081757,1.083835,10862.813187,6.980000
2024-04-04,406.449127,1.083705,10856.319780,6.980000
2024-04-05,405.956696,1.083486,10849.826374,6.980000
2024-04-06,405.464264,1.083267,10843.332967,6.980000
2024-04-07,404.971832,1.083048,10836.839560,6.980000
2024-04-08,409.206696,1.086366,10830.346154,6.980000
2024-04-09,408.714294,1.085930,10823.852747,6.980000
2024-04-10,412.505981,1.074172,10817.359341,6.980000
2024-04-11,408.221863,1.072685,10810.865934,6.980000
2024-04-12,408.533732,1.070111,10804.372527,6.980000
2024-04-13,408.845601,1.067537,10797.879121,6.980000
2024-04-14,409.157471,1.064963,10791.385714,6.980000
2024-04-15,408.812775,1.062575,10784.892308,6.980000
2024-04-16,411.915039,1.062146,10778.398901,6.980000
2024-04-17,417.184021,1.066940,10771.905495,6.980000
2024-04-18,438.210663,1.064419,10765.412088,6.980000
2024-04-19,436.913930,1.064887,10758.918681,6.980000
2024-04-20,435.617198,1.065356,10752.425275,6.980000
2024-04-21,434.320465,1.065825,10745.931868,6.980000
2024-04-22,434.025024,1.065405,10739.438462,6.980000
2024-04-23,433.581848,1.070435,10732.945055,6.980000
2024-04-24,429.149994,1.069988,10726.451648,6.980000
2024-04-25,435.649994,1.072961,10719.958242,6.980000
2024-04-26,435.933329,1.072203,10713.464835,6.980000
2024-04-27,436.216665,1.071445,10706.971429,6.980000
2024-04-28,436.500000,1.070687,10700.478022,6.980000
2024-04-29,439.649994,1.071570,10693.984615,6.980000
2024-04-30,438.175003,1.066655,10687.491209,6.980000
2024-05-01,436.700012,1.072156,10680.997802,6.980000
2024-05-02,440.899994,1.073307,10674.504396,6.980000
2024-05-03,441.599996,1.074142,10668.010989,6.980000
2024-05-04,442.299998,1.074977,10661.517582,6.980000
2024-05-05,443.000000,1.075812,10655.024176,6.980000
2024-05-06,444.899994,1.076751,10648.530769,6.980000
2024-05-07,447.049988,1.075049,10642.037363,6.980000
2024-05-08,453.850006,1.074691,10635.543956,6.980000
2024-05-09,453.450012,1.078516,10629.050549,6.980000
2024-05-10,454.150004,1.078024,10622.557143,6.980000
2024-05-11,454.849996,1.077532,10616.063736,6.980000
2024-05-12,455.549988,1.077041,10609.570330,6.980000
2024-05-13,456.899994,1.079354,10603.076923,6.980000
2024-05-14,456.799988,1.081455,10596.583516,6.980000
2024-05-15,453.500000,1.088981,10590.090110,6.980000
2024-05-16,447.600006,1.086779,10583.596703,6.980000
2024-05-17,448.033335,1.087035,10577.103297,6.980000
2024-05-18,448.466665,1.087291,10570.609890,6.980000
2024-05-19,448.899994,1.087548,10564.116484,6.980000
2024-05-20,447.549988,1.086083,10557.623077,6.980000
2024-05-21,453.399994,1.085517,10551.129670,6.980000
2024-05-22,450.950012,1.082520,10544.636264,6.980000
2024-05-23,447.350006,1.081268,10538.142857,6.980000
2024-05-24,448.016673,1.082433,10531.649451,6.980000
2024-05-25,448.683339,1.083598,10525.156044,6.980000
2024-05-26,449.350006,1.084763,10518.662637,6.980000
2024-05-27,445.649994,1.086189,10512.169231,6.980000
2024-05-28,440.299988,1.085187,10505.675824,6.980000
2024-05-29,444.700012,1.080182,10499.182418,6.980000
2024-05-30,452.100006,1.083541,10492.689011,6.980000
2024-05-31,451.150004,1.084129,10486.195604,6.980000
2024-06-01,450.200002,1.084717,10479.702198,6.980000
2024-06-02,449.250000,1.085305,10473.208791,6.980000
2024-06-03,452.100006,1.090739,10466.715385,6.980000
2024-06-04,455.600006,1.088187,10460.221978,6.980000
2024-06-05,456.149994,1.087453,10453.728571,6.980000
2024-06-06,455.350006,1.089443,10447.235165,6.980000
2024-06-07,454.416667,1.085592,10440.741758,6.980000
2024-06-08,453.483327,1.081740,10434.248352,6.980000
2024-06-09,452.549988,1.077888,10427.754945,6.980000
2024-06-10,451.399994,1.076426,10421.261538,6.980000
2024-06-11,455.350006,1.074033,10414.768132,6.980000
2024-06-12,450.899994,1.081315,10408.274725,6.980000
2024-06-13,440.450012,1.073883,10401.781319,6.980000
2024-06-14,442.600006,1.072661,10395.287912,6.980000
2024-06-15,444.750000,1.071439,10388.794505,6.980000
2024-06-16,446.899994,1.070217,10382.301099,6.980000
2024-06-17,441.549988,1.074068,10375.807692,6.980000
2024-06-18,436.649994,1.074229,10369.314286,6.980000
2024-06-19,442.649994,1.075153,10362.820879,6.980000
2024-06-20,440.649994,1.070641,10356.327473,6.980000
2024-06-21,441.133331,1.070019,10349.834066,6.980000
2024-06-22,441.616669,1.069397,10343.340659,6.980000
2024-06-23,442.100006,1.068776,10336.847253,6.980000
2024-06-24,436.500000,1.073272,10330.353846,6.980000
2024-06-25,437.600006,1.070962,10323.860440,6.980000
2024-06-26,422.850006,1.068011,10317.367033,6.980000
2024-06-27,410.049988,1.070847,10310.873626,6.980000
2024-06-28,410.783325,1.071740,10304.380220,6.980000
2024-06-29,411.516663,1.072633,10297.886813,6.980000
2024-06-30,412.250000,1.073526,10291.393407,6.980000
2024-07-01,405.649994,1.073710,10284.900000,6.980000
2024-07-02,405.450012,1.074841,10284.900000,6.980000
2024-07-03,408.000000,1.079331,10284.900000,6.980000
2024-07-04,410.049988,1.081069,10284.900000,6.980000
2024-07-07,405.450012,1.082603,10284.900000,6.980000
2024-07-08,400.049988,1.083095,10284.900000,6.980000
2024-07-09,403.399994,1.081479,10284.900000,6.980000
2024-07-10,405.500000,1.083330,10284.900000,6.980000
2024-07-11,412.600006,1.087276,10284.900000,6.980000
2024-07-14,406.299988,1.088554,10284.900000,6.980000
2024-07-15,400.000000,1.090156,10284.900000,6.980000
2024-07-16,403.549988,1.090251,10284.900000,6.980000
2024-07-17,406.200012,1.094020,10284.900000,6.980000
2024-07-18,404.450012,1.090156,10284.900000,6.980000
2024-07-21,409.350006,1.089918,10284.900000,6.980000
2024-07-22,404.700012,1.088981,10284.900000,6.980000
2024-07-23,398.250000,1.085069,10284.900000,6.980000
2024-07-24,392.350006,1.083952,10284.900000,6.980000
2024-07-25,398.799988,1.085128,10284.900000,6.980000
2024-07-28,392.600006,1.085376,10284.900000,6.980000
2024-07-29,392.299988,1.081947,10284.900000,6.980000
2024-07-30,400.649994,1.081607,10284.900000,6.980000
2024-07-31,387.850006,1.082392,10284.900000,6.980000
2024-08-01,381.049988,1.078760,10284.900000,6.980000
2024-08-04,384.950012,1.091084,10284.900000,6.980000
2024-08-05,385.250000,1.095098,10284.900000,6.980000
2024-08-06,391.000000,1.092622,10284.900000,6.980000
2024-08-07,386.000000,1.092813,10284.900000,6.980000
2024-08-08,382.750000,1.091572,10284.900000,6.980000
2024-08-11,376.649994,1.091381,10284.900000,6.980000
2024-08-12,376.799988,1.093625,10284.900000,6.980000
2024-08-13,380.549988,1.099699,10284.900000,6.980000
2024-08-14,384.200012,1.101322,10284.900000,6.980000
2024-08-15,385.350006,1.097273,10284.900000,6.980000
2024-08-18,385.700012,1.102499,10284.900000,6.980000
2024-08-19,385.100006,1.108647,10284.900000,6.980000
2024-08-20,390.500000,1.112793,10284.900000,6.980000
2024-08-21,392.250000,1.115536,10284.900000,6.980000
2024-08-22,394.399994,1.111716,10284.900000,6.980000
2024-08-25,395.299988,1.118793,10284.900000,6.980000
2024-08-26,392.250000,1.116470,10284.900000,6.980000
2024-08-27,391.399994,1.117793,10284.900000,6.980000
2024-08-28,398.549988,1.112496,10284.900000,6.980000
2024-08-29,396.600006,1.108045,10284.900000,6.980000
2024-09-01,395.350006,1.104484,10284.900000,6.980000
2024-09-02,397.500000,1.106746,10284.900000,6.980000
2024-09-03,391.450012,1.104887,10284.900000,6.980000
2024-09-04,387.549988,1.108045,10284.900000,6.980000
2024-09-05,382.799988,1.111111,10284.900000,6.980000
2024-09-08,383.549988,1.108721,10284.900000,6.980000
2024-09-09,376.549988,1.103753,10284.900000,6.980000
2024-09-10,367.700012,1.102098,10284.900000,6.980000
2024-09-11,365.200012,1.101091,10284.900000,6.980000
2024-09-12,366.649994,1.107788,10284.900000,6.980000
2024-09-15,365.899994,1.108844,10284.900000,6.980000
2024-09-16,368.350006,1.112954,10284.900000,6.980000
2024-09-17,365.799988,1.112310,10284.900000,6.980000
2024-09-18,379.000000,1.111482,10284.900000,6.980000
2024-09-19,370.500000,1.116196,10284.900000,6.980000
2024-09-22,367.799988,1.116084,10284.900000,6.980000
2024-09-23,383.299988,1.111173,10284.900000,6.980000
2024-09-24,382.049988,1.119119,10284.900000,6.980000
2024-09-25,408.649994,1.113102,10284.900000,6.980000
2024-09-26,405.950012,1.117718,10284.900000,6.980000
2024-09-29,402.049988,1.116982,10284.900000,6.980000
2024-09-30,391.600006,1.113660,10284.900000,6.980000
2024-10-01,394.299988,1.106390,10284.900000,6.980000
2024-10-02,389.700012,1.104850,10284.900000,6.980000
2024-10-03,393.350006,1.103558,10284.900000,6.980000
2024-10-06,394.549988,1.097454,10284.900000,6.980000
2024-10-07,386.899994,1.097574,10284.900000,6.980000
2024-10-08,390.000000,1.097574,10284.900000,6.980000
2024-10-09,390.000000,1.094331,10284.900000,6.980000
2024-10-10,394.600006,1.093386,10284.900000,6.980000
2024-10-13,391.549988,1.092538,10284.900000,6.980000
2024-10-14,376.399994,1.090917,10284.900000,6.980000
2024-10-15,368.200012,1.088412,10284.900000,6.980000
2024-10-16,372.149994,1.086248,10284.900000,6.980000
2024-10-17,372.700012,1.082954,10284.900000,6.980000
2024-10-20,363.700012,1.086862,10284.900000,6.980000
2024-10-21,367.250000,1.081783,10284.900000,6.980000
2024-10-22,358.100006,1.079727,10284.900000,6.980000
2024-10-23,358.700012,1.078051,10284.900000,6.980000
2024-10-24,355.649994,1.082415,10284.900000,6.980000
2024-10-27,359.549988,1.081036,10284.900000,6.980000
2024-10-28,355.600006,1.079657,10284.900000,6.980000
2024-10-29,347.350006,1.081677,10284.900000,6.980000
2024-10-30,347.350006,1.082064,10284.900000,6.980000
2024-10-31,347.350006,1.085918,10284.900000,6.980000
2024-11-01,347.350006,1.088613,10284.900000,6.980000
2024-11-04,347.350006,1.087453,10284.900000,6.980000
2024-11-05,347.350006,1.087406,10284.900000,6.980000
2024-11-06,347.350006,1.093446,10284.900000,6.980000
2024-11-07,347.350006,1.073307,10284.900000,6.980000
2024-11-08,347.350006,1.079517,10284.900000,6.980000
2024-11-11,347.350006,1.072846,10284.900000,6.980000
